no_id,gen_id,vial_id,genvial_id,diet_group,lineage,F2_diet,F1_diet,F0_diet,sex,mass_mg,dev_L1-LP,dev_LP-A,dev_L1-A,ovar_no,wing_length
392,F0,1,F0-1,P,P,poor,,,f,0.8,7.5,4,11.5,,1.431
518,F0,6,F0-6,P,P,poor,,,f,0.9,7.5,4,11.5,,1.477
393,F0,1,F0-1,P,P,poor,,,f,0.9,7.5,4,11.5,,1.514
646,F0,8,F0-8,P,P,poor,,,f,0.9,9.5,4,13.5,,1.531
512,F0,4,F0-4,P,P,poor,,,f,1.5,7.5,4,11.5,25,1.535
513,F0,4,F0-4,P,P,poor,,,f,0.9,7.5,4,11.5,,1.575
521,F0,7,F0-7,P,P,poor,,,f,1.1,7.5,4,11.5,,1.578
411,F0,5,F0-5,P,P,poor,,,f,1,6.5,4,10.5,,1.618
536,F0,10,F0-10,P,P,poor,,,f,0.9,6.5,4,10.5,14,1.638
570,F0,10,F0-10,P,P,poor,,,f,0.8,7.5,3,10.5,,1.64
610,F0,10,F0-10,P,P,poor,,,f,0.6,8.5,4,12.5,20,1.649
489,F0,11,F0-11,S,S,std,,,f,1.4,5.5,4,9.5,36,1.67
516,F0,5,F0-5,P,P,poor,,,f,0.9,7.5,4,11.5,,1.679
339,F0,2,F0-2,P,P,poor,,,f,1,6.5,5,11.5,,1.684
545,F0,8,F0-8,P,P,poor,,,f,1.2,6.5,4,10.5,19,1.689
633,F0,11,F0-11,P,P,poor,,,f,1.3,7.5,4,11.5,,1.691
455,F0,5,F0-5,P,P,poor,,,f,1,6.5,4,10.5,20,1.696
565,F0,9,F0-9,P,P,poor,,,f,1.5,7.5,4,11.5,,1.705
402,F0,3,F0-3,P,P,poor,,,f,0.9,7.5,4,11.5,,1.707
631,F0,5,F0-5,S,S,std,,,f,1.4,9.5,5,14.5,,1.715
537,F0,10,F0-10,P,P,poor,,,f,0.9,6.5,4,10.5,,1.719
412,F0,5,F0-5,P,P,poor,,,f,1,6.5,4,10.5,,1.722
609,F0,9,F0-9,P,P,poor,,,f,0.9,8.5,4,12.5,,1.727
617,F0,12,F0-12,P,P,poor,,,f,1.2,7.5,4,11.5,,1.744
650,F0,12,F0-12,P,P,poor,,,f,0.9,8.5,4,12.5,,1.747
613,F0,11,F0-11,P,P,poor,,,f,1.1,7.5,4,11.5,,1.748
520,F0,7,F0-7,P,P,poor,,,f,1.1,7.5,4,11.5,,1.751
560,F0,7,F0-7,P,P,poor,,,f,1.2,8.5,4,12.5,14,1.755
272,F0,1,F0-1,P,P,poor,,,f,1.1,6.5,4,10.5,,1.755
550,F0,10,F0-10,P,P,poor,,,f,1.6,6.5,4,10.5,,1.758
626,F0,14,F0-14,P,P,poor,,,f,1,7.5,3,10.5,,1.772
627,F0,14,F0-14,P,P,poor,,,f,1,7.5,3,10.5,,1.776
410,F0,5,F0-5,P,P,poor,,,f,1.1,6.5,4,10.5,29,1.778
655,F0,13,F0-13,P,P,poor,,,f,1.6,8.5,4,12.5,,1.778
602,F0,13,F0-13,P,P,poor,,,f,1.4,6.5,4,10.5,,1.779
634,F0,11,F0-11,P,P,poor,,,f,1.5,7.5,4,11.5,,1.782
644,F0,7,F0-7,P,P,poor,,,f,1,10.5,4,14.5,,1.784
657,F0,12,F0-12,P,P,poor,,,f,1.4,8.5,4,12.5,23,1.786
472,F0,11,F0-11,S,S,std,,,f,1.4,5.5,3,8.5,36,1.795
452,F0,4,F0-4,P,P,poor,,,f,1.3,6.5,4,10.5,24,1.796
271,F0,1,F0-1,P,P,poor,,,f,1.2,6.5,5,11.5,,1.799
406,F0,4,F0-4,P,P,poor,,,f,1,6.5,4,10.5,,1.806
543,F0,7,F0-7,P,P,poor,,,f,1.3,7.5,4,11.5,,1.807
658,F0,12,F0-12,P,P,poor,,,f,1.6,8.5,4,12.5,,1.807
531,F0,9,F0-9,P,P,poor,,,f,1.1,6.5,4,10.5,21,1.808
525,F0,8,F0-8,P,P,poor,,,f,1.3,6.5,4,10.5,,1.809
554,F0,11,F0-11,R,R,rich,,,f,1.2,7.5,4,11.5,,1.81
532,F0,9,F0-9,P,P,poor,,,f,1.2,6.5,4,10.5,26,1.812
509,F0,3,F0-3,P,P,poor,,,f,0.9,8.5,4,12.5,,1.812
596,F0,11,F0-11,P,P,poor,,,f,1.4,6.5,4,10.5,,1.814
337,F0,1,F0-1,P,P,poor,,,f,1.1,6.5,4,10.5,,1.824
566,F0,9,F0-9,P,P,poor,,,f,1.1,7.5,3,10.5,25,1.83
597,F0,11,F0-11,P,P,poor,,,f,1.5,6.5,4,10.5,27,1.831
556,F0,2,F0-2,P,P,poor,,,f,1.1,9.5,4,13.5,24,1.836
584,F0,14,F0-14,P,P,poor,,,f,1.1,6.5,4,10.5,,1.838
409,F0,5,F0-5,P,P,poor,,,f,1.2,6.5,4,10.5,31,1.84
125,F0,2,F0-2,P,P,poor,,,f,1.5,5.5,4,9.5,,1.841
612,F0,11,F0-11,P,P,poor,,,f,1.2,7.5,4,11.5,,1.841
465,F0,10,F0-10,P,P,poor,,,f,1.3,5.5,4,9.5,17,1.843
279,F0,3,F0-3,P,P,poor,,,f,1.1,6.5,4,10.5,,1.844
651,F0,12,F0-12,P,P,poor,,,f,1.2,8.5,4,12.5,,1.845
524,F0,8,F0-8,P,P,poor,,,f,1.2,6.5,4,10.5,,1.853
558,F0,5,F0-5,P,P,poor,,,f,1.2,8.5,4,12.5,,1.853
616,F0,12,F0-12,P,P,poor,,,f,1.8,7.5,4,11.5,,1.853
427,F0,10,F0-10,P,P,poor,,,f,1.3,5.5,4,9.5,33,1.854
656,F0,13,F0-13,P,P,poor,,,f,1.3,8.5,3,11.5,24,1.857
128,F0,3,F0-3,P,P,poor,,,f,1.4,5.5,4,9.5,28,1.859
401,F0,3,F0-3,P,P,poor,,,f,1.3,7.5,4,11.5,25,1.862
622,F0,13,F0-13,P,P,poor,,,f,1,7.5,4,11.5,22,1.863
573,F0,11,F0-11,P,P,poor,,,f,1.3,6.5,4,10.5,,1.863
636,F0,12,F0-12,P,P,poor,,,f,1.7,7.5,4,11.5,25,1.867
517,F0,5,F0-5,P,P,poor,,,f,1,7.5,4,11.5,,1.872
283,F0,4,F0-4,P,P,poor,,,f,1.4,5.5,5,10.5,27,1.875
342,F0,3,F0-3,P,P,poor,,,f,1.2,6.5,5,11.5,28,1.875
564,F0,9,F0-9,P,P,poor,,,f,1.4,7.5,4,11.5,26,1.876
269,F0,1,F0-1,P,P,poor,,,f,1.4,6.5,4,10.5,,1.878
422,F0,7,F0-7,P,P,poor,,,f,1.3,6.5,4,10.5,30,1.88
628,F0,14,F0-14,P,P,poor,,,f,1,7.5,4,11.5,,1.88
405,F0,4,F0-4,P,P,poor,,,f,1.2,6.5,4,10.5,30,1.886
638,F0,13,F0-13,P,P,poor,,,f,1.7,7.5,4,11.5,,1.888
270,F0,1,F0-1,P,P,poor,,,f,1.3,6.5,4,10.5,,1.89
648,F0,10,F0-10,P,P,poor,,,f,1.4,9.5,4,13.5,,1.89
343,F0,4,F0-4,P,P,poor,,,f,1.3,5.5,4,9.5,,1.892
562,F0,8,F0-8,P,P,poor,,,f,1.2,7.5,4,11.5,,1.892
397,F0,2,F0-2,P,P,poor,,,f,1.3,7.5,4,11.5,,1.895
623,F0,13,F0-13,P,P,poor,,,f,1.1,7.5,3,10.5,17,1.899
424,F0,8,F0-8,P,P,poor,,,f,1.4,5.5,4,9.5,,1.899
553,F0,14,F0-14,P,P,poor,,,f,1.7,5.5,4,9.5,18,1.901
620,F0,13,F0-13,P,P,poor,,,f,1.2,7.5,4,11.5,,1.902
396,F0,2,F0-2,P,P,poor,,,f,1.4,7.5,4,11.5,,1.905
643,F0,6,F0-6,P,P,poor,,,f,1.2,10.5,4,14.5,,1.907
548,F0,9,F0-9,P,P,poor,,,f,1.5,6.5,4,10.5,25,1.908
210,F0,3,F0-3,P,P,poor,,,f,1.2,5.5,4,9.5,30,1.908
345,F0,5,F0-5,P,P,poor,,,f,1.5,5.5,4,9.5,30,1.911
232,F0,2,F0-2,S,S,std,,,f,1.5,6.5,4,10.5,30,1.913
107,F0,3,F0-3,S,S,std,,,f,1.6,5.5,4,9.5,,1.913
582,F0,14,F0-14,P,P,poor,,,f,1.3,6.5,4,10.5,,1.914
549,F0,9,F0-9,P,P,poor,,,f,1.5,6.5,4,10.5,,1.915
499,F0,13,F0-13,S,S,std,,,f,1.7,5.5,4,9.5,,1.921
621,F0,13,F0-13,P,P,poor,,,f,1,7.5,4,11.5,,1.923
260,F0,7,F0-7,S,S,std,,,f,1.6,5.5,4,9.5,,1.923
498,F0,13,F0-13,S,S,std,,,f,1.4,5.5,4,9.5,,1.923
319,F0,7,F0-7,S,S,std,,,f,1.6,5.5,5,10.5,30,1.93
486,F0,12,F0-12,S,S,std,,,f,1.5,5.5,3,8.5,,1.931
143,F0,8,F0-8,R,R,rich,,,f,1.4,3.5,4,7.5,34,1.933
583,F0,14,F0-14,P,P,poor,,,f,1.4,6.5,4,10.5,,1.934
383,F0,10,F0-10,S,S,std,,,f,1.8,5.5,4,9.5,38,1.935
415,F0,6,F0-6,P,P,poor,,,f,1.5,6.5,4,10.5,35,1.937
209,F0,3,F0-3,P,P,poor,,,f,1.3,5.5,4,9.5,26,1.938
316,F0,6,F0-6,S,S,std,,,f,1.4,5.5,4,9.5,30,1.939
233,F0,3,F0-3,S,S,std,,,f,1.6,6.5,4,10.5,33,1.94
629,F0,14,F0-14,P,P,poor,,,f,1.2,7.5,4,11.5,,1.94
186,F0,3,F0-3,S,S,std,,,f,1.6,5.5,4,9.5,41,1.941
212,F0,8,F0-8,R,R,rich,,,f,1.4,4.5,4,8.5,,1.942
496,F0,13,F0-13,S,S,std,,,f,1.9,5.5,4,9.5,,1.943
190,F0,4,F0-4,S,S,std,,,f,1.1,4.5,4,8.5,32,1.944
315,F0,6,F0-6,S,S,std,,,f,1.4,5.5,4,9.5,33,1.945
112,F0,3,F0-3,S,S,std,,,f,1.5,5.5,4,9.5,,1.948
382,F0,10,F0-10,S,S,std,,,f,1.9,5.5,4,9.5,30,1.949
95,F0,2,F0-2,S,S,std,,,f,1.5,5.5,4,9.5,,1.95
480,F0,12,F0-12,S,S,std,,,f,1.7,5.5,4,9.5,,1.955
487,F0,12,F0-12,S,S,std,,,f,1.6,5.5,4,9.5,32,1.956
242,F0,5,F0-5,S,S,std,,,f,1.3,5.5,4,9.5,36,1.956
288,F0,7,F0-7,R,R,rich,,,f,1.8,5.5,4,9.5,37,1.956
348,F0,12,F0-12,R,R,rich,,,f,1.8,4.5,4,8.5,33,1.957
245,F0,5,F0-5,S,S,std,,,f,1.4,5.5,4,9.5,38,1.957
111,F0,3,F0-3,S,S,std,,,f,1.6,5.5,4,9.5,,1.959
184,F0,2,F0-2,S,S,std,,,f,1.3,5.5,4,9.5,36,1.96
601,F0,13,F0-13,P,P,poor,,,f,1.5,6.5,4,10.5,25,1.962
484,F0,12,F0-12,S,S,std,,,f,1.7,5.5,4,9.5,,1.962
595,F0,11,F0-11,P,P,poor,,,f,1.7,6.5,4,10.5,,1.964
481,F0,12,F0-12,S,S,std,,,f,1.6,5.5,3,8.5,,1.964
374,F0,9,F0-9,S,S,std,,,f,1.6,5.5,4,9.5,38,1.965
131,F0,4,F0-4,R,R,rich,,,f,1.7,4.5,4,8.5,44,1.965
542,F0,13,F0-13,S,S,std,,,f,1.8,5.5,4,9.5,,1.969
555,F0,1,F0-1,P,P,poor,,,f,1.2,9.5,4,13.5,22,1.972
307,F0,14,F0-14,R,R,rich,,,f,1.8,3.5,4,7.5,36,1.972
360,F0,8,F0-8,S,S,std,,,f,1.5,5.5,4,9.5,36,1.972
86,F0,1,F0-1,S,S,std,,,f,1.4,5.5,4,9.5,28,1.974
9,F0,1,F0-1,R,R,rich,,,f,1.3,4.5,3,7.5,37,1.974
4,F0,1,F0-1,R,R,rich,,,f,1.4,4.5,3,7.5,38,1.974
130,F0,3,F0-3,R,R,rich,,,f,1.7,5.5,4,9.5,40,1.975
246,F0,5,F0-5,S,S,std,,,f,1.5,5.5,5,10.5,37,1.976
145,F0,8,F0-8,R,R,rich,,,f,1.3,3.5,4,7.5,24,1.977
45,F0,4,F0-4,R,R,rich,,,f,1.3,4.5,4,8.5,35,1.977
160,F0,10,F0-10,R,R,rich,,,f,2.5,3.5,5,8.5,37,1.978
384,F0,10,F0-10,S,S,std,,,f,1.7,5.5,4,9.5,,1.978
252,F0,6,F0-6,S,S,std,,,f,1.6,5.5,4,9.5,37,1.98
375,F0,9,F0-9,S,S,std,,,f,1.7,5.5,4,9.5,,1.98
373,F0,9,F0-9,S,S,std,,,f,1.7,5.5,4,9.5,34,1.981
263,F0,7,F0-7,S,S,std,,,f,1.8,5.5,4,9.5,,1.981
468,F0,11,F0-11,S,S,std,,,f,1.6,5.5,3,8.5,36,1.982
185,F0,2,F0-2,S,S,std,,,f,1.2,5.5,4,9.5,,1.982
485,F0,12,F0-12,S,S,std,,,f,1.6,5.5,4,9.5,42,1.983
386,F0,10,F0-10,S,S,std,,,f,1.9,5.5,4,9.5,,1.985
238,F0,4,F0-4,S,S,std,,,f,1.4,5.5,4,9.5,30,1.986
471,F0,11,F0-11,S,S,std,,,f,1.6,5.5,3,8.5,37,1.986
275,F0,2,F0-2,P,P,poor,,,f,1.4,6.5,4,10.5,,1.988
152,F0,9,F0-9,R,R,rich,,,f,1.6,3.5,4,7.5,34,1.989
362,F0,8,F0-8,S,S,std,,,f,2,5.5,4,9.5,36,1.989
65,F0,6,F0-6,R,R,rich,,,f,1.7,4.5,4,8.5,37,1.989
376,F0,9,F0-9,S,S,std,,,f,1.5,5.5,4,9.5,38,1.989
497,F0,13,F0-13,S,S,std,,,f,1.8,5.5,3,8.5,,1.991
99,F0,2,F0-2,S,S,std,,,f,1.5,5.5,4,9.5,36,1.992
30,F0,5,F0-5,R,R,rich,,,f,2,3.5,5,8.5,43,1.993
89,F0,1,F0-1,S,S,std,,,f,1.5,5.5,4,9.5,36,1.994
370,F0,9,F0-9,S,S,std,,,f,1.7,5.5,4,9.5,30,1.995
193,F0,4,F0-4,S,S,std,,,f,1.4,4.5,4,8.5,31,1.996
119,F0,4,F0-4,S,S,std,,,f,1.6,4.5,4,8.5,,1.996
59,F0,5,F0-5,R,R,rich,,,f,2.1,4.5,4,8.5,34,1.997
191,F0,4,F0-4,S,S,std,,,f,1,4.5,4,8.5,,1.997
215,F0,9,F0-9,R,R,rich,,,f,1.7,4.5,4,8.5,40,1.998
138,F0,6,F0-6,R,R,rich,,,f,1.3,4.5,4,8.5,41,1.998
361,F0,8,F0-8,S,S,std,,,f,1.7,5.5,4,9.5,,1.998
385,F0,10,F0-10,S,S,std,,,f,1.9,5.5,4,9.5,,1.998
85,F0,1,F0-1,S,S,std,,,f,1.6,5.5,4,9.5,,2
439,F0,12,F0-12,S,S,std,,,f,1.8,4.5,4,8.5,38,2.001
36,F0,7,F0-7,R,R,rich,,,f,1.9,3.5,5,8.5,44,2.001
137,F0,6,F0-6,R,R,rich,,,f,1.4,4.5,5,9.5,35,2.002
162,F0,10,F0-10,R,R,rich,,,f,1.9,3.5,4,7.5,38,2.002
21,F0,3,F0-3,R,R,rich,,,f,1.7,4.5,4,8.5,37,2.003
363,F0,8,F0-8,S,S,std,,,f,1.9,5.5,4,9.5,,2.003
365,F0,8,F0-8,S,S,std,,,f,1.5,5.5,4,9.5,37,2.004
323,F0,8,F0-8,S,S,std,,,f,1.7,4.5,4,8.5,44,2.004
335,F0,10,F0-10,S,S,std,,,f,1.7,4.5,4,8.5,,2.004
151,F0,9,F0-9,R,R,rich,,,f,2.2,3.5,5,8.5,28,2.005
87,F0,1,F0-1,S,S,std,,,f,1.6,5.5,4,9.5,30,2.005
253,F0,6,F0-6,S,S,std,,,f,1.6,5.5,4,9.5,33,2.005
470,F0,11,F0-11,S,S,std,,,f,1.7,5.5,4,9.5,,2.005
165,F0,10,F0-10,R,R,rich,,,f,1.7,3.5,5,8.5,40,2.006
469,F0,11,F0-11,S,S,std,,,f,1.5,5.5,3,8.5,42,2.006
204,F0,6,F0-6,S,S,std,,,f,1.6,4.5,4,8.5,36,2.009
173,F0,11,F0-11,R,R,rich,,,f,1.7,3.5,5,8.5,,2.009
83,F0,1,F0-1,S,S,std,,,f,1.5,5.5,4,9.5,33,2.011
163,F0,10,F0-10,R,R,rich,,,f,1.8,3.5,4,7.5,35,2.012
372,F0,9,F0-9,S,S,std,,,f,1.7,5.5,4,9.5,40,2.012
320,F0,7,F0-7,S,S,std,,,f,1.8,5.5,4,9.5,39,2.013
161,F0,10,F0-10,R,R,rich,,,f,1.9,3.5,4,7.5,41,2.014
7,F0,1,F0-1,R,R,rich,,,f,1.6,4.5,4,8.5,34,2.015
144,F0,8,F0-8,R,R,rich,,,f,1.3,3.5,4,7.5,34,2.015
96,F0,2,F0-2,S,S,std,,,f,1.5,5.5,4,9.5,32,2.016
68,F0,6,F0-6,R,R,rich,,,f,1.9,4.5,4,8.5,38,2.017
291,F0,12,F0-12,R,R,rich,,,f,1.5,3.5,4,7.5,40,2.017
334,F0,10,F0-10,S,S,std,,,f,1.7,4.5,4,8.5,40,2.017
206,F0,7,F0-7,S,S,std,,,f,1.6,4.5,4,8.5,,2.017
436,F0,11,F0-11,S,S,std,,,f,1.8,4.5,4,8.5,,2.017
153,F0,9,F0-9,R,R,rich,,,f,1.8,3.5,5,8.5,28,2.019
483,F0,12,F0-12,S,S,std,,,f,1.6,5.5,3,8.5,39,2.019
231,F0,2,F0-2,S,S,std,,,f,1.5,6.5,4,10.5,35,2.02
354,F0,13,F0-13,R,R,rich,,,f,1.7,4.5,4,8.5,38,2.02
364,F0,8,F0-8,S,S,std,,,f,1.6,5.5,4,9.5,,2.02
216,F0,9,F0-9,R,R,rich,,,f,1.8,4.5,4,8.5,40,2.021
482,F0,12,F0-12,S,S,std,,,f,1.6,5.5,4,9.5,,2.021
27,F0,4,F0-4,R,R,rich,,,f,2,3.5,5,8.5,42,2.022
305,F0,14,F0-14,R,R,rich,,,f,1.8,3.5,4,7.5,35,2.023
46,F0,4,F0-4,R,R,rich,,,f,1.7,4.5,4,8.5,39,2.023
488,F0,12,F0-12,S,S,std,,,f,1.6,5.5,4,9.5,,2.023
66,F0,6,F0-6,R,R,rich,,,f,1.7,4.5,4,8.5,41,2.024
8,F0,1,F0-1,R,R,rich,,,f,1.5,4.5,3,7.5,42,2.024
164,F0,10,F0-10,R,R,rich,,,f,1.8,3.5,5,8.5,24,2.025
47,F0,4,F0-4,R,R,rich,,,f,1.4,4.5,4,8.5,40,2.025
467,F0,11,F0-11,S,S,std,,,f,1.5,5.5,3,8.5,33,2.026
300,F0,13,F0-13,R,R,rich,,,f,1.6,3.5,5,8.5,,2.027
181,F0,1,F0-1,S,S,std,,,f,1.6,5.5,4,9.5,,2.027
324,F0,8,F0-8,S,S,std,,,f,1.6,4.5,4,8.5,35,2.028
58,F0,5,F0-5,R,R,rich,,,f,2.1,4.5,4,8.5,39,2.028
34,F0,7,F0-7,R,R,rich,,,f,1.7,3.5,5,8.5,,2.028
172,F0,11,F0-11,R,R,rich,,,f,1.9,3.5,5,8.5,32,2.029
98,F0,2,F0-2,S,S,std,,,f,1.5,5.5,4,9.5,38,2.029
495,F0,13,F0-13,S,S,std,,,f,1.6,5.5,4,9.5,26,2.03
6,F0,1,F0-1,R,R,rich,,,f,1.5,4.5,3,7.5,42,2.03
192,F0,4,F0-4,S,S,std,,,f,1.1,4.5,4,8.5,35,2.031
32,F0,6,F0-6,R,R,rich,,,f,1.6,3.5,5,8.5,43,2.031
237,F0,4,F0-4,S,S,std,,,f,1.5,5.5,4,9.5,,2.031
440,F0,12,F0-12,S,S,std,,,f,2,4.5,4,8.5,,2.031
387,F0,10,F0-10,S,S,std,,,f,1.8,5.5,4,9.5,37,2.032
110,F0,3,F0-3,S,S,std,,,f,1.6,5.5,4,9.5,40,2.032
97,F0,2,F0-2,S,S,std,,,f,1.7,5.5,4,9.5,34,2.033
262,F0,7,F0-7,S,S,std,,,f,1.6,5.5,4,9.5,34,2.033
189,F0,4,F0-4,S,S,std,,,f,1.3,4.5,4,8.5,40,2.034
226,F0,11,F0-11,R,R,rich,,,f,1.7,4.5,4,8.5,,2.034
297,F0,13,F0-13,R,R,rich,,,f,1.8,3.5,4,7.5,45,2.035
541,F0,13,F0-13,S,S,std,,,f,2,5.5,4,9.5,20,2.036
35,F0,7,F0-7,R,R,rich,,,f,1.7,3.5,5,8.5,,2.036
519,F0,7,F0-7,P,P,poor,,,f,1.1,7.5,4,11.5,25,2.037
169,F0,11,F0-11,R,R,rich,,,f,1.6,3.5,5,8.5,36,2.037
430,F0,9,F0-9,S,S,std,,,f,1.6,5.5,4,9.5,38,2.037
108,F0,3,F0-3,S,S,std,,,f,1.6,5.5,4,9.5,40,2.037
299,F0,13,F0-13,R,R,rich,,,f,1.7,3.5,4,7.5,38,2.038
225,F0,11,F0-11,R,R,rich,,,f,1.7,4.5,4,8.5,36,2.04
154,F0,9,F0-9,R,R,rich,,,f,1.7,3.5,5,8.5,36,2.041
17,F0,3,F0-3,R,R,rich,,,f,1.8,4.5,3,7.5,40,2.041
330,F0,9,F0-9,S,S,std,,,f,1.6,4.5,4,8.5,42,2.041
222,F0,10,F0-10,R,R,rich,,,f,1.7,4.5,4,8.5,32,2.044
298,F0,13,F0-13,R,R,rich,,,f,1.7,3.5,4,7.5,39,2.045
261,F0,7,F0-7,S,S,std,,,f,1.6,5.5,4,9.5,41,2.045
171,F0,11,F0-11,R,R,rich,,,f,2,3.5,5,8.5,42,2.045
194,F0,4,F0-4,S,S,std,,,f,1.3,4.5,4,8.5,34,2.047
201,F0,5,F0-5,S,S,std,,,f,2,4.5,4,8.5,37,2.048
244,F0,5,F0-5,S,S,std,,,f,1.5,5.5,4,9.5,40,2.05
84,F0,1,F0-1,S,S,std,,,f,1.5,5.5,4,9.5,29,2.051
182,F0,1,F0-1,S,S,std,,,f,1.6,5.5,4,9.5,,2.051
466,F0,11,F0-11,S,S,std,,,f,1.6,5.5,3,8.5,,2.052
5,F0,1,F0-1,R,R,rich,,,f,1.4,4.5,3,7.5,41,2.053
220,F0,10,F0-10,R,R,rich,,,f,1.9,4.5,4,8.5,42,2.055
142,F0,8,F0-8,R,R,rich,,,f,1.4,3.5,4,7.5,36,2.058
140,F0,8,F0-8,R,R,rich,,,f,1.5,3.5,4,7.5,40,2.058
67,F0,6,F0-6,R,R,rich,,,f,1.8,4.5,4,8.5,43,2.058
371,F0,9,F0-9,S,S,std,,,f,1.7,5.5,4,9.5,38,2.06
355,F0,13,F0-13,R,R,rich,,,f,1.8,4.5,4,8.5,,2.06
77,F0,7,F0-7,R,R,rich,,,f,1.9,4.5,4,8.5,35,2.065
18,F0,3,F0-3,R,R,rich,,,f,1.7,4.5,4,8.5,35,2.066
325,F0,8,F0-8,S,S,std,,,f,1.7,4.5,4,8.5,37,2.066
310,F0,14,F0-14,R,R,rich,,,f,1.5,3.5,5,8.5,,2.067
159,F0,10,F0-10,R,R,rich,,,f,1.6,3.5,4,7.5,,2.07
251,F0,6,F0-6,S,S,std,,,f,1.8,5.5,4,9.5,35,2.072
48,F0,4,F0-4,R,R,rich,,,f,1.6,4.5,4,8.5,38,2.073
141,F0,8,F0-8,R,R,rich,,,f,1.5,3.5,4,7.5,37,2.074
329,F0,9,F0-9,S,S,std,,,f,1.8,4.5,4,8.5,40,2.074
200,F0,5,F0-5,S,S,std,,,f,1.9,4.5,4,8.5,32,2.078
170,F0,11,F0-11,R,R,rich,,,f,1.9,3.5,4,7.5,40,2.08
150,F0,9,F0-9,R,R,rich,,,f,1.9,3.5,5,8.5,41,2.082
20,F0,3,F0-3,R,R,rich,,,f,1.8,4.5,3,7.5,36,2.087
57,F0,5,F0-5,R,R,rich,,,f,2.3,4.5,4,8.5,41,2.088
75,F0,7,F0-7,R,R,rich,,,f,1.8,4.5,4,8.5,36,2.093
243,F0,5,F0-5,S,S,std,,,f,1.6,5.5,4,9.5,39,2.094
308,F0,14,F0-14,R,R,rich,,,f,1.8,3.5,4,7.5,43,2.106
26,F0,4,F0-4,R,R,rich,,,f,2.2,3.5,5,8.5,,2.107
349,F0,12,F0-12,R,R,rich,,,f,1.7,4.5,4,8.5,46,2.108
603,F0,13,F0-13,P,P,poor,,,f,1.5,6.5,4,10.5,28,
285,F0,6,F0-6,P,P,poor,,,f,1.1,5.5,4,9.5,32,
2,F0,1,F0-1,R,R,rich,,,f,1.3,4.5,3,7.5,34,
3,F0,1,F0-1,R,R,rich,,,f,1.5,4.5,4,8.5,36,
88,F0,1,F0-1,S,S,std,,,f,1.5,5.5,4,9.5,38,
1,F0,1,F0-1,R,R,rich,,,f,1.5,4.5,3,7.5,39,
29,F0,5,F0-5,R,R,rich,,,f,2.4,3.5,5,8.5,40,
122,F0,1,F0-1,P,P,poor,,,f,1.4,5.5,4,9.5,,
526,F0,8,F0-8,P,P,poor,,,f,1.1,6.5,4,10.5,,
652,F0,12,F0-12,P,P,poor,,,f,1.4,8.5,4,12.5,,
19,F0,3,F0-3,R,R,rich,,,f,1.5,4.5,3,7.5,,
56,F0,5,F0-5,R,R,rich,,,f,1.8,4.5,4,8.5,,
69,F0,6,F0-6,R,R,rich,,,f,2.1,4.5,4,8.5,,
78,F0,7,F0-7,R,R,rich,,,f,2.1,4.5,4,8.5,,
113,F0,3,F0-3,S,S,std,,,f,1.7,5.5,4,9.5,,
120,F0,4,F0-4,S,S,std,,,f,1.3,4.5,4,8.5,,
1300,F1,8,F1-8,PP,P,poor,poor,,f,0.9,8.5,4,12.5,,1.652
1129,F1,7,F1-7,RP,R,poor,rich,,f,0.8,9.5,4,13.5,,1.659
1130,F1,7,F1-7,RP,R,poor,rich,,f,0.9,9.5,4,13.5,,1.66
1285,F1,4,F1-4,PP,P,poor,poor,,f,1,8.5,4,12.5,23,1.672
854,F1,2,F1-2,RP,R,poor,rich,,f,0.6,5.5,5,10.5,,1.681
1131,F1,8,F1-8,RP,R,poor,rich,,f,1.1,8.5,4,12.5,,1.7
1091,F1,6,F1-6,RP,R,poor,rich,,f,1.1,7.5,5,12.5,23,1.709
1295,F1,8,F1-8,PP,P,poor,poor,,f,1.1,7.5,4,11.5,,1.711
1301,F1,8,F1-8,PP,P,poor,poor,,f,0.8,8.5,4,12.5,,1.712
855,F1,2,F1-2,RP,R,poor,rich,,f,0.6,5.5,5,10.5,28,1.716
928,F1,2,F1-2,RP,R,poor,rich,,f,1,6.5,4,10.5,,1.716
1291,F1,10,F1-10,PP,P,poor,poor,,f,0.8,7.5,4,11.5,,1.723
1282,F1,3,F1-3,PP,P,poor,poor,,f,1,8.5,4,12.5,26,1.743
1132,F1,8,F1-8,RP,R,poor,rich,,f,0.9,8.5,4,12.5,,1.755
1082,F1,7,F1-7,RP,R,poor,rich,,f,1.1,7.5,4,11.5,,1.756
1112,F1,8,F1-8,RP,R,poor,rich,,f,0.8,7.5,4,11.5,,1.765
1292,F1,1,F1-1,PP,P,poor,poor,,f,1.2,11.5,4,15.5,,1.769
1254,F1,4,F1-4,PP,P,poor,poor,,f,0.7,6.5,5,11.5,,1.77
1104,F1,7,F1-7,PR,P,rich,poor,,f,0.7,8.5,4,12.5,,1.771
1097,F1,3,F1-3,PR,P,rich,poor,,f,0.8,9.5,4,13.5,,1.774
1103,F1,7,F1-7,PR,P,rich,poor,,f,0.7,8.5,4,12.5,,1.774
1177,F1,8,F1-8,RP,R,poor,rich,,f,0.9,9.5,4,13.5,,1.787
1207,F1,1,F1-1,PP,P,poor,poor,,f,1.2,8.5,4,12.5,,1.792
1229,F1,1,F1-1,PP,P,poor,poor,,f,1.4,9.5,4,13.5,,1.793
1126,F1,1,F1-1,PP,P,poor,poor,,f,1,6.5,5,11.5,,1.797
1210,F1,6,F1-6,PP,P,poor,poor,,f,1.7,5.5,4,9.5,,1.804
1038,F1,4,F1-4,RP,R,poor,rich,,f,1.4,6.5,4,10.5,30,1.806
930,F1,2,F1-2,RP,R,poor,rich,,f,1.1,6.5,4,10.5,30,1.812
1008,F1,7,F1-7,RS,R,std,rich,,f,1.5,5.5,5,10.5,27,1.822
1176,F1,8,F1-8,RP,R,poor,rich,,f,0.9,9.5,4,13.5,,1.824
1039,F1,4,F1-4,RP,R,poor,rich,,f,1.6,6.5,4,10.5,,1.825
802,F1,1,F1-1,SS,S,std,std,,f,1.3,5.5,4,9.5,34,1.827
1296,F1,9,F1-9,PP,P,poor,poor,,f,1.3,7.5,4,11.5,,1.83
1288,F1,8,F1-8,PP,P,poor,poor,,f,1,7.5,4,11.5,26,1.831
849,F1,1,F1-1,RP,R,poor,rich,,f,0.7,5.5,5,10.5,,1.831
1255,F1,4,F1-4,PP,P,poor,poor,,f,1,6.5,5,11.5,26,1.835
1090,F1,6,F1-6,RP,R,poor,rich,,f,1.1,7.5,4,11.5,26,1.839
1007,F1,7,F1-7,RS,R,std,rich,,f,1.5,5.5,5,10.5,28,1.84
1094,F1,3,F1-3,PR,P,rich,poor,,f,1.8,4.5,5,9.5,41,1.84
1037,F1,4,F1-4,RP,R,poor,rich,,f,1.6,6.5,4,10.5,,1.841
1233,F1,4,F1-4,PP,P,poor,poor,,f,1.2,6.5,4,10.5,,1.843
1063,F1,6,F1-6,RP,R,poor,rich,,f,0.9,6.5,5,11.5,,1.844
1204,F1,1,F1-1,PP,P,poor,poor,,f,1.4,8.5,4,12.5,,1.845
1253,F1,4,F1-4,PP,P,poor,poor,,f,0.9,6.5,5,11.5,,1.846
1262,F1,5,F1-5,RP,R,poor,rich,,f,1.1,12.5,4,16.5,,1.846
1271,F1,1,F1-1,PP,P,poor,poor,,f,1.1,10.5,3,13.5,,1.851
1274,F1,4,F1-4,PP,P,poor,poor,,f,1.1,7.5,4,11.5,,1.851
1302,F1,9,F1-9,PP,P,poor,poor,,f,1.3,8.5,4,12.5,22,1.86
1273,F1,4,F1-4,PP,P,poor,poor,,f,1.1,7.5,4,11.5,,1.861
829,F1,2,F1-2,RP,R,poor,rich,,f,1.5,5.5,4,9.5,31,1.868
1258,F1,6,F1-6,PP,P,poor,poor,,f,1.1,6.5,5,11.5,,1.868
1087,F1,3,F1-3,PR,P,rich,poor,,f,1.3,4.5,4,8.5,,1.87
850,F1,1,F1-1,RP,R,poor,rich,,f,0.7,5.5,5,10.5,35,1.874
1035,F1,3,F1-3,RP,R,poor,rich,,f,1.3,7.5,4,11.5,,1.875
1252,F1,3,F1-3,PP,P,poor,poor,,f,1,6.5,5,11.5,23,1.876
1289,F1,9,F1-9,PP,P,poor,poor,,f,1.4,7.5,4,11.5,,1.876
924,F1,1,F1-1,RP,R,poor,rich,,f,1.4,6.5,4,10.5,,1.876
1283,F1,3,F1-3,PP,P,poor,poor,,f,1.2,8.5,3,11.5,29,1.88
1004,F1,6,F1-6,RS,R,std,rich,,f,1.5,5.5,4,9.5,,1.88
1000,F1,5,F1-5,RS,R,std,rich,,f,1.6,5.5,5,10.5,28,1.884
1234,F1,4,F1-4,PP,P,poor,poor,,f,1.2,6.5,4,10.5,,1.885
925,F1,1,F1-1,RP,R,poor,rich,,f,1.2,6.5,4,10.5,27,1.886
929,F1,2,F1-2,RP,R,poor,rich,,f,1.1,6.5,4,10.5,33,1.892
1275,F1,5,F1-5,PP,P,poor,poor,,f,1.4,7.5,4,11.5,32,1.894
1036,F1,3,F1-3,RP,R,poor,rich,,f,1.2,7.5,4,11.5,,1.894
1083,F1,9,F1-9,SS,S,std,std,,f,1.6,5.5,4,9.5,38,1.899
1174,F1,1,F1-1,PP,P,poor,poor,,f,1.1,7.5,4,11.5,,1.9
1124,F1,3,F1-3,PS,P,std,poor,,f,1.2,4.5,4,8.5,21,1.902
1231,F1,2,F1-2,PP,P,poor,poor,,f,1.2,7.5,4,11.5,,1.903
1251,F1,3,F1-3,PP,P,poor,poor,,f,0.8,6.5,4,10.5,,1.904
1279,F1,10,F1-10,PP,P,poor,poor,,f,1.2,6.5,4,10.5,,1.904
936,F1,4,F1-4,RP,R,poor,rich,,f,1.1,5.5,4,9.5,,1.904
1259,F1,6,F1-6,PP,P,poor,poor,,f,1.2,6.5,5,11.5,33,1.909
934,F1,3,F1-3,RP,R,poor,rich,,f,1.3,6.5,4,10.5,,1.91
1071,F1,8,F1-8,SS,S,std,std,,f,1.5,5.5,4,9.5,30,1.911
1093,F1,9,F1-9,SS,S,std,std,,f,1.7,5.5,5,10.5,34,1.911
1236,F1,4,F1-4,PP,P,poor,poor,,f,1.1,6.5,4,10.5,31,1.912
1297,F1,9,F1-9,PP,P,poor,poor,,f,1.6,7.5,4,11.5,29,1.914
1256,F1,5,F1-5,PP,P,poor,poor,,f,1.1,6.5,4,10.5,,1.914
817,F1,3,F1-3,SS,S,std,std,,f,1.5,5.5,4,9.5,30,1.916
1123,F1,3,F1-3,PS,P,std,poor,,f,1.1,4.5,4,8.5,,1.916
1079,F1,1,F1-1,PS,P,std,poor,,f,1.2,5.5,5,10.5,32,1.919
1260,F1,6,F1-6,PP,P,poor,poor,,f,1.1,6.5,5,11.5,,1.919
1294,F1,7,F1-7,PP,P,poor,poor,,f,1.6,7.5,4,11.5,30,1.925
1111,F1,2,F1-2,PS,P,std,poor,,f,1.1,5.5,4,9.5,,1.927
803,F1,1,F1-1,SS,S,std,std,,f,1.2,5.5,4,9.5,,1.927
1281,F1,1,F1-1,PP,P,poor,poor,,f,1.2,11.5,4,15.5,12,1.93
969,F1,6,F1-6,SS,S,std,std,,f,1.5,5.5,4,9.5,,1.93
1013,F1,3,F1-3,RP,R,poor,rich,,f,1.6,6.5,4,10.5,,1.932
945,F1,4,F1-4,SS,S,std,std,,f,1.5,5.5,4,9.5,36,1.933
1119,F1,2,F1-2,PS,P,std,poor,,f,1.1,5.5,4,9.5,34,1.934
1246,F1,9,F1-9,PS,P,std,poor,,f,1.2,5.5,5,10.5,,1.934
1257,F1,5,F1-5,PP,P,poor,poor,,f,1.1,6.5,5,11.5,27,1.936
1006,F1,7,F1-7,RS,R,std,rich,,f,1.7,5.5,4,9.5,,1.936
1239,F1,6,F1-6,PP,P,poor,poor,,f,1.1,6.5,4,10.5,33,1.938
1303,F1,9,F1-9,PP,P,poor,poor,,f,1.2,8.5,4,12.5,27,1.939
795,F1,3,F1-3,RS,R,std,rich,,f,1.4,5.5,4,9.5,,1.939
1263,F1,8,F1-8,RP,R,poor,rich,,f,1.1,11.5,4,15.5,28,1.944
788,F1,2,F1-2,RS,R,std,rich,,f,1.3,5.5,4,9.5,,1.944
1235,F1,4,F1-4,PP,P,poor,poor,,f,1.2,6.5,4,10.5,31,1.945
860,F1,1,F1-1,SS,S,std,std,,f,1,5.5,5,10.5,35,1.945
1107,F1,9,F1-9,SS,S,std,std,,f,1.4,6.5,4,10.5,33,1.946
1113,F1,4,F1-4,PR,P,rich,poor,,f,1.2,3.5,5,8.5,,1.946
970,F1,6,F1-6,SS,S,std,std,,f,1.5,5.5,4,9.5,27,1.947
997,F1,5,F1-5,RS,R,std,rich,,f,1.9,5.5,4,9.5,34,1.947
1122,F1,2,F1-2,PS,P,std,poor,,f,1.4,5.5,4,9.5,34,1.95
1043,F1,7,F1-7,SS,S,std,std,,f,1.8,5.5,4,9.5,,1.95
1299,F1,7,F1-7,PP,P,poor,poor,,f,1.3,8.5,4,12.5,,1.952
967,F1,6,F1-6,SS,S,std,std,,f,1.7,5.5,4,9.5,34,1.953
859,F1,1,F1-1,SS,S,std,std,,f,1,5.5,4,9.5,37,1.953
1250,F1,3,F1-3,PP,P,poor,poor,,f,1.2,6.5,4,10.5,,1.953
1232,F1,3,F1-3,PP,P,poor,poor,,f,1.2,6.5,4,10.5,,1.954
1266,F1,8,F1-8,PS,P,std,poor,,f,1.2,6.5,4,10.5,,1.954
1269,F1,9,F1-9,PS,P,std,poor,,f,1.4,6.5,4,10.5,,1.954
1067,F1,7,F1-7,SS,S,std,std,,f,1.3,5.5,5,10.5,41,1.955
1120,F1,2,F1-2,PS,P,std,poor,,f,1.4,5.5,4,9.5,,1.955
938,F1,4,F1-4,RP,R,poor,rich,,f,1.3,5.5,4,9.5,31,1.956
1209,F1,2,F1-2,PP,P,poor,poor,,f,1.6,6.5,4,10.5,,1.956
1272,F1,3,F1-3,PP,P,poor,poor,,f,1.1,7.5,4,11.5,25,1.957
842,F1,2,F1-2,RS,R,std,rich,,f,0.8,5.5,4,9.5,34,1.958
1064,F1,6,F1-6,RP,R,poor,rich,,f,1.4,6.5,5,11.5,,1.959
890,F1,4,F1-4,RS,R,std,rich,,f,1.9,5.5,4,9.5,,1.962
1240,F1,6,F1-6,PP,P,poor,poor,,f,1.1,6.5,4,10.5,32,1.963
1015,F1,2,F1-2,PR,P,rich,poor,,f,1.9,4.5,5,9.5,34,1.963
1084,F1,9,F1-9,SS,S,std,std,,f,1.6,5.5,4,9.5,38,1.963
864,F1,2,F1-2,SS,S,std,std,,f,1,5.5,5,10.5,37,1.964
1026,F1,8,F1-8,RS,R,std,rich,,f,1.5,5.5,4,9.5,,1.964
811,F1,2,F1-2,SS,S,std,std,,f,2.1,5.5,4,9.5,32,1.966
1060,F1,2,F1-2,PR,P,rich,poor,,f,2,5.5,4,9.5,,1.966
1068,F1,7,F1-7,SS,S,std,std,,f,1.1,5.5,5,10.5,,1.966
971,F1,6,F1-6,SS,S,std,std,,f,1.6,5.5,4,9.5,41,1.968
1160,F1,4,F1-4,PS,P,std,poor,,f,1.4,4.5,5,9.5,,1.968
899,F1,5,F1-5,RS,R,std,rich,,f,1.7,5.5,4,9.5,,1.968
793,F1,3,F1-3,RS,R,std,rich,,f,1.2,5.5,4,9.5,33,1.969
794,F1,3,F1-3,RS,R,std,rich,,f,1.4,5.5,4,9.5,35,1.969
1080,F1,1,F1-1,PS,P,std,poor,,f,1.4,5.5,5,10.5,37,1.969
1264,F1,7,F1-7,PS,P,std,poor,,f,1.5,6.5,4,10.5,,1.969
903,F1,5,F1-5,RS,R,std,rich,,f,1.8,5.5,4,9.5,,1.969
1286,F1,5,F1-5,PP,P,poor,poor,,f,1.2,8.5,4,12.5,,1.97
1154,F1,2,F1-2,PS,P,std,poor,,f,1.3,6.5,4,10.5,31,1.971
1200,F1,5,F1-5,PS,P,std,poor,,f,1.7,5.5,4,9.5,37,1.971
736,F1,4,F1-4,RR,R,rich,rich,,f,1.8,3.5,5,8.5,37,1.972
966,F1,6,F1-6,SS,S,std,std,,f,1.5,5.5,4,9.5,,1.972
880,F1,8,F1-8,RR,R,rich,rich,,f,1.9,4.5,4,8.5,38,1.974
1202,F1,6,F1-6,PS,P,std,poor,,f,1.8,5.5,4,9.5,,1.974
1261,F1,6,F1-6,PP,P,poor,poor,,f,1.3,6.5,5,11.5,32,1.975
1290,F1,10,F1-10,PP,P,poor,poor,,f,1.6,7.5,4,11.5,,1.975
704,F1,1,F1-1,RR,R,rich,rich,,f,1.5,3.5,5,8.5,48,1.976
1125,F1,3,F1-3,PS,P,std,poor,,f,1.5,4.5,4,8.5,,1.976
772,F1,7,F1-7,RR,R,rich,rich,,f,1.6,4.5,4,8.5,36,1.977
763,F1,6,F1-6,RR,R,rich,rich,,f,1.8,4.5,4,8.5,,1.977
1121,F1,2,F1-2,PS,P,std,poor,,f,1.3,5.5,4,9.5,34,1.978
863,F1,2,F1-2,SS,S,std,std,,f,1.1,5.5,5,10.5,35,1.978
1150,F1,10,F1-10,PR,P,rich,poor,,f,1.5,3.5,5,8.5,38,1.978
992,F1,4,F1-4,RS,R,std,rich,,f,1.7,5.5,4,9.5,,1.978
1166,F1,5,F1-5,PS,P,std,poor,,f,1.2,4.5,4,8.5,36,1.979
739,F1,4,F1-4,RR,R,rich,rich,,f,1.8,3.5,5,8.5,36,1.979
714,F1,2,F1-2,RR,R,rich,rich,,f,1.7,3.5,6,9.5,38,1.979
1137,F1,4,F1-4,PR,P,rich,poor,,f,1.4,4.5,4,8.5,,1.979
1109,F1,9,F1-9,SS,S,std,std,,f,1,6.5,4,10.5,,1.98
818,F1,3,F1-3,SS,S,std,std,,f,2,5.5,4,9.5,36,1.981
1287,F1,7,F1-7,PP,P,poor,poor,,f,1.2,7.5,3,10.5,28,1.982
999,F1,5,F1-5,RS,R,std,rich,,f,1.8,5.5,4,9.5,33,1.982
771,F1,7,F1-7,RR,R,rich,rich,,f,1.4,4.5,4,8.5,,1.982
781,F1,1,F1-1,RS,R,std,rich,,f,1.2,5.5,4,9.5,33,1.983
881,F1,8,F1-8,RR,R,rich,rich,,f,1.8,4.5,4,8.5,34,1.983
1198,F1,4,F1-4,PS,P,std,poor,,f,1.7,5.5,4,9.5,29,1.984
1298,F1,7,F1-7,PP,P,poor,poor,,f,1.4,8.5,4,12.5,27,1.985
1149,F1,7,F1-7,PR,P,rich,poor,,f,1.2,3.5,5,8.5,,1.985
773,F1,7,F1-7,RR,R,rich,rich,,f,1.6,4.5,4,8.5,,1.985
1168,F1,5,F1-5,PS,P,std,poor,,f,1.6,4.5,4,8.5,37,1.986
1044,F1,7,F1-7,SS,S,std,std,,f,2,5.5,4,9.5,,1.986
1216,F1,7,F1-7,PS,P,std,poor,,f,1.2,5.5,3,8.5,,1.987
1053,F1,8,F1-8,SS,S,std,std,,f,2,5.5,4,9.5,,1.987
954,F1,5,F1-5,SS,S,std,std,,f,1.7,5.5,4,9.5,36,1.988
1276,F1,5,F1-5,PP,P,poor,poor,,f,1.2,7.5,4,11.5,33,1.989
1217,F1,7,F1-7,PS,P,std,poor,,f,1.1,5.5,3,8.5,,1.989
750,F1,7,F1-7,RR,R,rich,rich,,f,2,3.5,5,8.5,30,1.99
902,F1,5,F1-5,RS,R,std,rich,,f,1.7,5.5,4,9.5,32,1.99
841,F1,2,F1-2,RS,R,std,rich,,f,1.1,5.5,5,10.5,34,1.99
968,F1,6,F1-6,SS,S,std,std,,f,1.7,5.5,4,9.5,36,1.99
1152,F1,10,F1-10,PR,P,rich,poor,,f,1.3,3.5,5,8.5,42,1.99
1228,F1,10,F1-10,PS,P,std,poor,,f,1.4,5.5,4,9.5,,1.99
1066,F1,7,F1-7,SS,S,std,std,,f,1.5,5.5,5,10.5,,1.99
819,F1,3,F1-3,SS,S,std,std,,f,1.7,5.5,4,9.5,39,1.992
866,F1,2,F1-2,SS,S,std,std,,f,1,5.5,4,9.5,49,1.992
1197,F1,4,F1-4,PS,P,std,poor,,f,1.8,5.5,4,9.5,34,1.993
1135,F1,4,F1-4,PR,P,rich,poor,,f,1.3,4.5,4,8.5,,1.993
1238,F1,5,F1-5,PP,P,poor,poor,,f,1.1,6.5,4,10.5,30,1.995
820,F1,3,F1-3,SS,S,std,std,,f,1.8,5.5,4,9.5,38,1.995
727,F1,3,F1-3,RR,R,rich,rich,,f,1.6,3.5,5,8.5,38,1.996
717,F1,2,F1-2,RR,R,rich,rich,,f,1.3,3.5,5,8.5,32,1.997
1165,F1,5,F1-5,PS,P,std,poor,,f,1.2,4.5,4,8.5,35,1.997
957,F1,5,F1-5,SS,S,std,std,,f,1.6,5.5,4,9.5,39,1.997
1293,F1,7,F1-7,PP,P,poor,poor,,f,1.5,7.5,4,11.5,29,1.998
703,F1,1,F1-1,RR,R,rich,rich,,f,1.7,3.5,5,8.5,34,1.998
761,F1,6,F1-6,RR,R,rich,rich,,f,1.5,4.5,4,8.5,46,1.998
887,F1,4,F1-4,RS,R,std,rich,,f,1.7,5.5,4,9.5,,1.998
923,F1,1,F1-1,RP,R,poor,rich,,f,1.3,6.5,4,10.5,35,1.999
1139,F1,5,F1-5,PR,P,rich,poor,,f,1.6,4.5,4,8.5,38,1.999
743,F1,4,F1-4,RR,R,rich,rich,,f,1.9,3.5,5,8.5,,1.999
1268,F1,8,F1-8,PS,P,std,poor,,f,1.4,6.5,4,10.5,36,2
770,F1,7,F1-7,RR,R,rich,rich,,f,1.5,4.5,4,8.5,38,2
728,F1,3,F1-3,RR,R,rich,rich,,f,2,3.5,5,8.5,43,2
1205,F1,2,F1-2,PP,P,poor,poor,,f,1.3,6.5,4,10.5,31,2.001
1206,F1,2,F1-2,PP,P,poor,poor,,f,1.4,6.5,4,10.5,32,2.001
915,F1,6,F1-6,RS,R,std,rich,,f,1.9,5.5,4,9.5,35,2.001
1114,F1,5,F1-5,PR,P,rich,poor,,f,1.3,3.5,4,7.5,,2.001
1028,F1,8,F1-8,RS,R,std,rich,,f,1.5,5.5,4,9.5,36,2.002
946,F1,4,F1-4,SS,S,std,std,,f,1.6,5.5,4,9.5,39,2.002
943,F1,4,F1-4,SS,S,std,std,,f,1.5,5.5,4,9.5,,2.002
998,F1,5,F1-5,RS,R,std,rich,,f,1.8,5.5,4,9.5,,2.003
746,F1,6,F1-6,RR,R,rich,rich,,f,2.1,3.5,5,8.5,34,2.004
1072,F1,3,F1-3,PR,P,rich,poor,,f,1.5,3.5,4,7.5,36,2.004
780,F1,1,F1-1,RS,R,std,rich,,f,1.4,5.5,4,9.5,40,2.004
1172,F1,6,F1-6,PS,P,std,poor,,f,1.5,4.5,5,9.5,,2.004
1065,F1,7,F1-7,SS,S,std,std,,f,1.5,5.5,5,10.5,,2.004
1179,F1,7,F1-7,PR,P,rich,poor,,f,1.7,4.5,4,8.5,34,2.005
782,F1,1,F1-1,RS,R,std,rich,,f,1.3,5.5,4,9.5,35,2.005
913,F1,6,F1-6,RS,R,std,rich,,f,1.9,5.5,4,9.5,37,2.005
1074,F1,3,F1-3,PR,P,rich,poor,,f,1.4,3.5,5,8.5,38,2.005
846,F1,3,F1-3,RS,R,std,rich,,f,1.3,5.5,5,10.5,,2.006
1171,F1,6,F1-6,PS,P,std,poor,,f,1.2,4.5,5,9.5,38,2.007
716,F1,2,F1-2,RR,R,rich,rich,,f,1.3,3.5,5,8.5,40,2.007
810,F1,2,F1-2,SS,S,std,std,,f,1.7,5.5,4,9.5,43,2.007
1227,F1,10,F1-10,PS,P,std,poor,,f,1.3,5.5,3,8.5,35,2.008
747,F1,6,F1-6,RR,R,rich,rich,,f,1.9,3.5,4,7.5,42,2.008
1199,F1,5,F1-5,PS,P,std,poor,,f,2,5.5,4,9.5,,2.008
705,F1,1,F1-1,RR,R,rich,rich,,f,1.6,3.5,5,8.5,,2.008
1170,F1,6,F1-6,PS,P,std,poor,,f,1.4,4.5,4,8.5,36,2.009
847,F1,3,F1-3,RS,R,std,rich,,f,1.3,5.5,4,9.5,41,2.009
1115,F1,5,F1-5,PR,P,rich,poor,,f,1.1,3.5,4,7.5,,2.009
1092,F1,9,F1-9,SS,S,std,std,,f,1.7,5.5,4,9.5,33,2.01
738,F1,4,F1-4,RR,R,rich,rich,,f,1.7,3.5,5,8.5,46,2.01
996,F1,5,F1-5,RS,R,std,rich,,f,1.9,5.5,5,10.5,,2.01
836,F1,1,F1-1,RS,R,std,rich,,f,1.4,5.5,4,9.5,34,2.011
1106,F1,9,F1-9,SS,S,std,std,,f,1.1,6.5,3,9.5,,2.011
1187,F1,8,F1-8,PR,P,rich,poor,,f,1.7,4.5,4,8.5,,2.012
1196,F1,4,F1-4,PS,P,std,poor,,f,1.9,5.5,4,9.5,25,2.013
865,F1,2,F1-2,SS,S,std,std,,f,1.1,5.5,4,9.5,35,2.013
1153,F1,10,F1-10,PR,P,rich,poor,,f,1.5,3.5,5,8.5,36,2.013
1085,F1,9,F1-9,SS,S,std,std,,f,1.6,5.5,4,9.5,39,2.013
1278,F1,6,F1-6,PP,P,poor,poor,,f,1.3,7.5,4,11.5,,2.013
1116,F1,6,F1-6,PR,P,rich,poor,,f,1.1,3.5,4,7.5,,2.013
1219,F1,8,F1-8,PS,P,std,poor,,f,1.5,5.5,3,8.5,,2.013
891,F1,4,F1-4,RS,R,std,rich,,f,1.9,5.5,4,9.5,,2.013
1138,F1,5,F1-5,PR,P,rich,poor,,f,1.2,4.5,4,8.5,34,2.014
871,F1,3,F1-3,SS,S,std,std,,f,1.2,5.5,5,10.5,39,2.014
713,F1,2,F1-2,RR,R,rich,rich,,f,1.5,3.5,5,8.5,45,2.014
745,F1,6,F1-6,RR,R,rich,rich,,f,1.9,3.5,5,8.5,48,2.014
904,F1,5,F1-5,RS,R,std,rich,,f,1.8,5.5,4,9.5,,2.014
749,F1,7,F1-7,RR,R,rich,rich,,f,1.9,3.5,5,8.5,39,2.015
1157,F1,3,F1-3,PS,P,std,poor,,f,1.3,5.5,4,9.5,,2.015
1018,F1,9,F1-9,RR,R,rich,rich,,f,1.6,4.5,4,8.5,,2.015
958,F1,5,F1-5,SS,S,std,std,,f,1.6,5.5,4,9.5,33,2.016
956,F1,5,F1-5,SS,S,std,std,,f,1.7,5.5,4,9.5,42,2.016
1164,F1,5,F1-5,PS,P,std,poor,,f,1.2,4.5,5,9.5,35,2.017
1220,F1,9,F1-9,PS,P,std,poor,,f,1.6,5.5,3,8.5,24,2.019
1076,F1,1,F1-1,PS,P,std,poor,,f,1.4,5.5,4,9.5,33,2.019
1148,F1,6,F1-6,PR,P,rich,poor,,f,1.5,3.5,4,7.5,44,2.019
1265,F1,7,F1-7,PS,P,std,poor,,f,1.7,6.5,4,10.5,32,2.02
1110,F1,2,F1-2,PS,P,std,poor,,f,1.3,5.5,4,9.5,36,2.02
978,F1,1,F1-1,PR,P,rich,poor,,f,1.7,4.5,4,8.5,,2.02
1027,F1,8,F1-8,RS,R,std,rich,,f,1.5,5.5,4,9.5,32,2.021
840,F1,2,F1-2,RS,R,std,rich,,f,1.2,5.5,4,9.5,38,2.021
1213,F1,7,F1-7,PS,P,std,poor,,f,1.5,5.5,3,8.5,,2.021
870,F1,3,F1-3,SS,S,std,std,,f,1.5,5.5,5,10.5,39,2.022
1147,F1,6,F1-6,PR,P,rich,poor,,f,1.6,4.5,5,9.5,,2.023
989,F1,9,F1-9,RR,R,rich,rich,,f,1.7,3.5,5,8.5,,2.023
1134,F1,4,F1-4,PR,P,rich,poor,,f,1.6,4.5,4,8.5,38,2.024
729,F1,3,F1-3,RR,R,rich,rich,,f,1.6,3.5,5,8.5,40,2.024
1163,F1,4,F1-4,PS,P,std,poor,,f,1.4,4.5,4,8.5,35,2.025
744,F1,6,F1-6,RR,R,rich,rich,,f,1.9,3.5,5,8.5,38,2.025
1056,F1,2,F1-2,PR,P,rich,poor,,f,2.3,5.5,4,9.5,,2.025
1237,F1,5,F1-5,PP,P,poor,poor,,f,1.3,6.5,4,10.5,30,2.026
955,F1,5,F1-5,SS,S,std,std,,f,1.5,5.5,4,9.5,35,2.026
1086,F1,3,F1-3,PR,P,rich,poor,,f,1.7,4.5,4,8.5,43,2.026
1241,F1,8,F1-8,PS,P,std,poor,,f,1.4,5.5,5,10.5,,2.026
888,F1,4,F1-4,RS,R,std,rich,,f,1.9,5.5,4,9.5,38,2.027
1190,F1,9,F1-9,PR,P,rich,poor,,f,1.9,4.5,4,8.5,39,2.027
1159,F1,3,F1-3,PS,P,std,poor,,f,1.5,5.5,4,9.5,,2.029
919,F1,7,F1-7,RS,R,std,rich,,f,1.9,5.5,4,9.5,,2.029
942,F1,4,F1-4,SS,S,std,std,,f,1.7,5.5,4,9.5,38,2.03
900,F1,5,F1-5,RS,R,std,rich,,f,1.8,5.5,4,9.5,34,2.031
1167,F1,5,F1-5,PS,P,std,poor,,f,1.6,4.5,5,9.5,35,2.031
1024,F1,8,F1-8,RS,R,std,rich,,f,1.6,5.5,4,9.5,38,2.031
848,F1,3,F1-3,RS,R,std,rich,,f,1.3,5.5,5,10.5,39,2.031
701,F1,1,F1-1,RR,R,rich,rich,,f,1.6,3.5,5,8.5,,2.031
1045,F1,7,F1-7,SS,S,std,std,,f,1.7,5.5,4,9.5,,2.031
700,F1,1,F1-1,RR,R,rich,rich,,f,1.4,3.5,5,8.5,38,2.032
1151,F1,10,F1-10,PR,P,rich,poor,,f,1.4,3.5,5,8.5,39,2.032
875,F1,1,F1-1,PR,P,rich,poor,,f,1.5,3.5,5,8.5,44,2.032
1218,F1,8,F1-8,PS,P,std,poor,,f,1.2,5.5,3,8.5,,2.032
892,F1,4,F1-4,RS,R,std,rich,,f,2.1,5.5,4,9.5,37,2.034
787,F1,2,F1-2,RS,R,std,rich,,f,1.4,5.5,4,9.5,,2.034
944,F1,4,F1-4,SS,S,std,std,,f,1.8,5.5,4,9.5,,2.034
1014,F1,2,F1-2,PR,P,rich,poor,,f,2,4.5,5,9.5,29,2.035
858,F1,1,F1-1,SS,S,std,std,,f,1,5.5,5,10.5,39,2.035
1073,F1,3,F1-3,PR,P,rich,poor,,f,1.5,3.5,4,7.5,30,2.036
1143,F1,6,F1-6,PR,P,rich,poor,,f,1.5,4.5,4,8.5,34,2.036
1081,F1,1,F1-1,PS,P,std,poor,,f,1.5,5.5,5,10.5,39,2.036
874,F1,1,F1-1,PR,P,rich,poor,,f,1.3,3.5,4,7.5,,2.036
725,F1,3,F1-3,RR,R,rich,rich,,f,2.1,3.5,5,8.5,40,2.038
1155,F1,2,F1-2,PS,P,std,poor,,f,1.6,6.5,4,10.5,,2.038
724,F1,3,F1-3,RR,R,rich,rich,,f,1.8,3.5,5,8.5,34,2.039
1221,F1,9,F1-9,PS,P,std,poor,,f,1.5,5.5,3,8.5,,2.039
889,F1,4,F1-4,RS,R,std,rich,,f,1.8,5.5,4,9.5,,2.04
1009,F1,7,F1-7,RS,R,std,rich,,f,1.9,5.5,4,9.5,33,2.041
1136,F1,4,F1-4,PR,P,rich,poor,,f,1.4,4.5,4,8.5,,2.041
1025,F1,8,F1-8,RS,R,std,rich,,f,1.6,5.5,4,9.5,31,2.043
816,F1,3,F1-3,SS,S,std,std,,f,1.8,5.5,4,9.5,40,2.044
1222,F1,9,F1-9,PS,P,std,poor,,f,1.5,5.5,3,8.5,35,2.045
832,F1,8,F1-8,RR,R,rich,rich,,f,1.8,3.5,5,8.5,36,2.045
1017,F1,9,F1-9,RR,R,rich,rich,,f,1.3,4.5,4,8.5,35,2.046
1058,F1,2,F1-2,PR,P,rich,poor,,f,2,5.5,4,9.5,,2.046
1214,F1,7,F1-7,PS,P,std,poor,,f,1.3,5.5,3,8.5,28,2.047
876,F1,1,F1-1,PR,P,rich,poor,,f,1.5,3.5,5,8.5,46,2.047
1088,F1,3,F1-3,PR,P,rich,poor,,f,1.6,4.5,4,8.5,39,2.048
1077,F1,1,F1-1,PS,P,std,poor,,f,1.3,5.5,4,9.5,33,2.049
712,F1,2,F1-2,RR,R,rich,rich,,f,1.3,3.5,5,8.5,36,2.049
1173,F1,6,F1-6,PS,P,std,poor,,f,1.5,4.5,4,8.5,,2.05
1226,F1,10,F1-10,PS,P,std,poor,,f,1.5,5.5,3,8.5,32,2.051
764,F1,6,F1-6,RR,R,rich,rich,,f,1.8,4.5,4,8.5,44,2.051
751,F1,7,F1-7,RR,R,rich,rich,,f,1.9,3.5,4,7.5,38,2.052
1178,F1,7,F1-7,PR,P,rich,poor,,f,1.6,4.5,4,8.5,37,2.053
879,F1,8,F1-8,RR,R,rich,rich,,f,1.6,4.5,4,8.5,37,2.053
1133,F1,4,F1-4,PR,P,rich,poor,,f,1.4,4.5,4,8.5,,2.053
1188,F1,9,F1-9,PR,P,rich,poor,,f,1.8,4.5,4,8.5,,2.053
1161,F1,4,F1-4,PS,P,std,poor,,f,1.4,4.5,5,9.5,,2.053
1118,F1,6,F1-6,PR,P,rich,poor,,f,1.4,3.5,4,7.5,38,2.054
1144,F1,6,F1-6,PR,P,rich,poor,,f,1.6,4.5,4,8.5,42,2.054
748,F1,6,F1-6,RR,R,rich,rich,,f,2.2,3.5,4,7.5,,2.055
1215,F1,7,F1-7,PS,P,std,poor,,f,1.3,5.5,3,8.5,,2.056
726,F1,3,F1-3,RR,R,rich,rich,,f,1.6,3.5,5,8.5,39,2.057
715,F1,2,F1-2,RR,R,rich,rich,,f,1.5,3.5,5,8.5,45,2.057
914,F1,6,F1-6,RS,R,std,rich,,f,1.9,5.5,4,9.5,34,2.059
1070,F1,8,F1-8,SS,S,std,std,,f,1.4,5.5,5,10.5,35,2.059
1075,F1,3,F1-3,PR,P,rich,poor,,f,1.4,3.5,5,8.5,41,2.059
702,F1,1,F1-1,RR,R,rich,rich,,f,1.5,3.5,5,8.5,42,2.059
1203,F1,6,F1-6,PS,P,std,poor,,f,1.8,5.5,4,9.5,,2.059
1169,F1,6,F1-6,PS,P,std,poor,,f,1.6,4.5,4,8.5,,2.06
1242,F1,8,F1-8,PS,P,std,poor,,f,1.2,5.5,4,9.5,,2.06
831,F1,8,F1-8,RR,R,rich,rich,,f,1.6,3.5,5,8.5,,2.06
1194,F1,10,F1-10,PR,P,rich,poor,,f,1.9,4.5,4,8.5,36,2.062
1052,F1,8,F1-8,SS,S,std,std,,f,2.2,5.5,4,9.5,,2.063
1244,F1,8,F1-8,PS,P,std,poor,,f,1.4,5.5,5,10.5,,2.065
912,F1,6,F1-6,RS,R,std,rich,,f,1.8,5.5,4,9.5,34,2.067
1141,F1,5,F1-5,PR,P,rich,poor,,f,1.5,4.5,4,8.5,39,2.069
1145,F1,6,F1-6,PR,P,rich,poor,,f,1.6,4.5,4,8.5,31,2.07
1247,F1,9,F1-9,PS,P,std,poor,,f,1.2,5.5,5,10.5,,2.071
1248,F1,9,F1-9,PS,P,std,poor,,f,1.2,5.5,4,9.5,,2.071
1117,F1,6,F1-6,PR,P,rich,poor,,f,1.3,3.5,4,7.5,38,2.072
988,F1,9,F1-9,RR,R,rich,rich,,f,1.7,3.5,5,8.5,38,2.072
754,F1,5,F1-5,RR,R,rich,rich,,f,1.6,4.5,4,8.5,39,2.072
1140,F1,5,F1-5,PR,P,rich,poor,,f,1.6,4.5,4,8.5,,2.073
1223,F1,10,F1-10,PS,P,std,poor,,f,1.2,5.5,3,8.5,,2.074
1180,F1,7,F1-7,PR,P,rich,poor,,f,1.6,4.5,4,8.5,37,2.075
755,F1,5,F1-5,RR,R,rich,rich,,f,1.6,4.5,4,8.5,39,2.076
1183,F1,7,F1-7,PR,P,rich,poor,,f,2.1,4.5,4,8.5,,2.076
1061,F1,2,F1-2,PR,P,rich,poor,,f,2.1,5.5,4,9.5,,2.078
1243,F1,8,F1-8,PS,P,std,poor,,f,1.3,5.5,5,10.5,,2.078
1142,F1,5,F1-5,PR,P,rich,poor,,f,1.9,4.5,4,8.5,41,2.079
1186,F1,8,F1-8,PR,P,rich,poor,,f,2,4.5,4,8.5,,2.079
882,F1,8,F1-8,RR,R,rich,rich,,f,1.7,4.5,4,8.5,,2.079
735,F1,4,F1-4,RR,R,rich,rich,,f,1.9,3.5,4,7.5,33,2.08
1182,F1,7,F1-7,PR,P,rich,poor,,f,2.4,4.5,4,8.5,34,2.082
1225,F1,10,F1-10,PS,P,std,poor,,f,1.7,5.5,3,8.5,31,2.086
1212,F1,7,F1-7,PS,P,std,poor,,f,1.5,5.5,3,8.5,,2.086
979,F1,1,F1-1,PR,P,rich,poor,,f,1.8,4.5,4,8.5,34,2.087
1059,F1,2,F1-2,PR,P,rich,poor,,f,2.1,5.5,4,9.5,,2.087
1211,F1,6,F1-6,PP,P,poor,poor,,f,1.9,5.5,4,9.5,36,2.093
762,F1,6,F1-6,RR,R,rich,rich,,f,1.7,4.5,4,8.5,38,2.094
987,F1,9,F1-9,RR,R,rich,rich,,f,1.6,3.5,5,8.5,,2.096
947,F1,4,F1-4,SS,S,std,std,,f,1.7,5.5,4,9.5,37,2.101
1019,F1,9,F1-9,RR,R,rich,rich,,f,1.5,4.5,4,8.5,29,2.109
1193,F1,10,F1-10,PR,P,rich,poor,,f,2,4.5,4,8.5,44,2.11
1189,F1,9,F1-9,PR,P,rich,poor,,f,1.9,4.5,4,8.5,40,2.113
1191,F1,9,F1-9,PR,P,rich,poor,,f,2,4.5,4,8.5,42,2.116
1245,F1,9,F1-9,PS,P,std,poor,,f,1.2,5.5,5,10.5,37,2.117
1195,F1,10,F1-10,PR,P,rich,poor,,f,2,4.5,4,8.5,40,2.126
980,F1,1,F1-1,PR,P,rich,poor,,f,2,4.5,4,8.5,35,2.138
1095,F1,3,F1-3,PR,P,rich,poor,,f,2.5,4.5,5,9.5,,2.167
1098,F1,6,F1-6,PR,P,rich,poor,,f,0.7,8.5,4,12.5,14,
837,F1,1,F1-1,RS,R,std,rich,,f,1.4,5.5,5,10.5,34,
861,F1,1,F1-1,SS,S,std,std,,f,1,5.5,4,9.5,35,
1224,F1,10,F1-10,PS,P,std,poor,,f,1.3,5.5,3,8.5,36,
734,F1,4,F1-4,RR,R,rich,rich,,f,1.9,3.5,5,8.5,40,
733,F1,4,F1-4,RR,R,rich,rich,,f,1.6,3.5,4,7.5,42,
1208,F1,2,F1-2,PP,P,poor,poor,,f,1.8,6.5,4,10.5,,
1230,F1,2,F1-2,PP,P,poor,poor,,f,1,7.5,4,11.5,,
1277,F1,6,F1-6,PP,P,poor,poor,,f,1.1,7.5,4,11.5,,
1057,F1,2,F1-2,PR,P,rich,poor,,f,2.2,5.5,4,9.5,,
1099,F1,6,F1-6,PR,P,rich,poor,,f,0.6,8.5,4,12.5,,
1100,F1,6,F1-6,PR,P,rich,poor,,f,1.2,8.5,4,12.5,,
1101,F1,6,F1-6,PR,P,rich,poor,,f,0.8,8.5,4,12.5,,
1146,F1,6,F1-6,PR,P,rich,poor,,f,1.2,4.5,4,8.5,,
1181,F1,7,F1-7,PR,P,rich,poor,,f,1.7,4.5,4,8.5,,
1078,F1,1,F1-1,PS,P,std,poor,,f,1.2,5.5,5,10.5,,
1158,F1,3,F1-3,PS,P,std,poor,,f,1,5.5,4,9.5,,
1270,F1,9,F1-9,PS,P,std,poor,,f,1.5,6.5,4,10.5,,
825,F1,1,F1-1,RP,R,poor,rich,,f,1.3,5.5,4,9.5,,
937,F1,4,F1-4,RP,R,poor,rich,,f,1.1,5.5,5,10.5,,
843,F1,2,F1-2,RS,R,std,rich,,f,0.5,5.5,5,10.5,,
844,F1,2,F1-2,RS,R,std,rich,,f,0.4,5.5,4,9.5,,
845,F1,2,F1-2,RS,R,std,rich,,f,0.6,5.5,5,10.5,,
959,F1,5,F1-5,SS,S,std,std,,f,1.6,5.5,4,9.5,,
1054,F1,8,F1-8,SS,S,std,std,,f,2.4,5.5,4,9.5,,
1069,F1,8,F1-8,SS,S,std,std,,f,1.4,5.5,5,10.5,,
1108,F1,9,F1-9,SS,S,std,std,,f,0.9,6.5,4,10.5,,
2170,F2,6,F2-6,PPP,P,poor,poor,poor,f,1.3,6.5,5,11.5,,1.495
1977,F2,1,F2-1,PRP,P,poor,rich,poor,f,0.8,7.5,5,12.5,,1.575
1714,F2,2,F2-2,RPP,R,poor,poor,rich,f,0.8,6.5,5,11.5,13,1.578
1456,F2,2b,F2-2b,RRP,R,poor,rich,rich,f,1.5,5.5,4,9.5,,1.678
1989,F2,7,F2-7,PRP,P,poor,rich,poor,f,1.1,5.5,6,11.5,27,1.691
1546,F2,2,F2-2,RRP,R,poor,rich,rich,f,0.8,5.5,5,10.5,25,1.702
2193,F2,8,F2-8,PSP,P,poor,std,poor,f,1.4,7.5,4,11.5,,1.713
2203,F2,7,F2-7,PPP,P,poor,poor,poor,f,1,7.5,4,11.5,,1.721
1451,F2,1,F2-1,RRP,R,poor,rich,rich,f,1.3,5.5,4,9.5,,1.728
2009,F2,2,F2-2,PSP,P,poor,std,poor,f,1.1,6.5,6,12.5,,1.731
1982,F2,4,F2-4,PRP,P,poor,rich,poor,f,1.2,6.5,5,11.5,,1.734
2147,F2,6,F2-6,PSP,P,poor,std,poor,f,0.8,7.5,4,11.5,,1.735
1720,F2,3,F2-3,RPP,R,poor,poor,rich,f,1,6.5,4,10.5,27,1.74
1594,F2,5,F2-5,RRP,R,poor,rich,rich,f,0.9,5.5,4,9.5,31,1.744
2160,F2,3,F2-3,PPP,P,poor,poor,poor,f,0.8,7.5,4,11.5,,1.748
1550,F2,2b,F2-2b,RRP,R,poor,rich,rich,f,1,5.5,5,10.5,,1.748
2157,F2,3,F2-3,PPP,P,poor,poor,poor,f,1.2,7.5,4,11.5,,1.757
2015,F2,3,F2-3,PSP,P,poor,std,poor,f,1.4,6.5,6,12.5,30,1.758
1589,F2,4,F2-4,RRP,R,poor,rich,rich,f,0.9,5.5,4,9.5,30,1.765
2202,F2,7,F2-7,PPP,P,poor,poor,poor,f,1.1,7.5,4,11.5,,1.77
1803,F2,5,F2-5,RPP,R,poor,poor,rich,f,0.9,6.5,3,9.5,27,1.771
2190,F2,6,F2-6,PSP,P,poor,std,poor,f,1.2,8.5,4,12.5,23,1.774
2152,F2,8,F2-8,PSP,P,poor,std,poor,f,0.9,6.5,5,11.5,,1.775
1898,F2,1,F2-1,PRP,P,poor,rich,poor,f,1.1,6.5,5,11.5,,1.777
1453,F2,2,F2-2,RRP,R,poor,rich,rich,f,1.2,5.5,4,9.5,,1.778
1902,F2,1,F2-1,PRP,P,poor,rich,poor,f,0.9,6.5,4,10.5,,1.784
2140,F2,9,F2-9,PRP,P,poor,rich,poor,f,1.1,6.5,4,10.5,,1.787
1585,F2,2,F2-2,RRP,R,poor,rich,rich,f,0.9,6.5,4,10.5,,1.791
1584,F2,2,F2-2,RRP,R,poor,rich,rich,f,0.6,6.5,4,10.5,,1.794
2200,F2,6,F2-6,PPP,P,poor,poor,poor,f,1.3,7.5,3,10.5,,1.795
1661,F2,6,F2-6,RRP,R,poor,rich,rich,f,1,5.5,4,9.5,30,1.796
1543,F2,1,F2-1,RRP,R,poor,rich,rich,f,0.8,5.5,5,10.5,28,1.801
1925,F2,1,F2-1,PSP,P,poor,std,poor,f,1,6.5,5,11.5,22,1.803
2161,F2,4,F2-4,PPP,P,poor,poor,poor,f,1,7.5,4,11.5,30,1.805
1541,F2,1,F2-1,RRP,R,poor,rich,rich,f,1,5.5,5,10.5,,1.807
2159,F2,3,F2-3,PPP,P,poor,poor,poor,f,1,7.5,4,11.5,,1.81
1582,F2,1,F2-1,RRP,R,poor,rich,rich,f,0.9,6.5,4,10.5,,1.817
1663,F2,6,F2-6,RRP,R,poor,rich,rich,f,1.1,5.5,4,9.5,,1.817
2194,F2,3,F2-3,PPP,P,poor,poor,poor,f,0.9,8.5,4,12.5,29,1.822
2153,F2,1,F2-1,PPP,P,poor,poor,poor,f,1,7.5,4,11.5,,1.824
1773,F2,6,F2-6,RPP,R,poor,poor,rich,f,1.3,4.5,4,8.5,28,1.826
2141,F2,5,F2-5,PSP,P,poor,std,poor,f,1.1,7.5,4,11.5,,1.83
1625,F2,2,F2-2,RPP,R,poor,poor,rich,f,1.2,5.5,4,9.5,,1.83
1727,F2,4,F2-4,RPP,R,poor,poor,rich,f,1.2,5.6,4,9.6,,1.831
2135,F2,8,F2-8,PRP,P,poor,rich,poor,f,1,6.5,4,10.5,29,1.832
1858,F2,1,F2-1,PSP,P,poor,std,poor,f,1.2,5.5,5,10.5,,1.832
2185,F2,9,F2-9,PRP,P,poor,rich,poor,f,1.2,7.5,4,11.5,25,1.834
1624,F2,2,F2-2,RPP,R,poor,poor,rich,f,1.1,5.5,4,9.5,,1.834
1454,F2,2,F2-2,RRP,R,poor,rich,rich,f,1.2,5.5,4,9.5,,1.834
2145,F2,6,F2-6,PSP,P,poor,std,poor,f,1.3,7.5,5,12.5,29,1.836
1784,F2,8,F2-8,RRP,R,poor,rich,rich,f,1.1,4.5,4,8.5,30,1.837
1721,F2,3,F2-3,RPP,R,poor,poor,rich,f,1,6.5,3,9.5,,1.837
2080,F2,6,F2-6,PRP,P,poor,rich,poor,f,1.3,6.5,5,11.5,,1.839
1621,F2,1,F2-1,RPP,R,poor,poor,rich,f,1.2,5.5,4,9.5,30,1.84
1978,F2,3,F2-3,PRP,P,poor,rich,poor,f,1.1,6.5,4,10.5,,1.84
2149,F2,8,F2-8,PSP,P,poor,std,poor,f,1,6.5,4,10.5,,1.84
2196,F2,4,F2-4,PPP,P,poor,poor,poor,f,1.2,8.5,4,12.5,28,1.841
2158,F2,3,F2-3,PPP,P,poor,poor,poor,f,1,7.5,4,11.5,,1.842
2142,F2,5,F2-5,PSP,P,poor,std,poor,f,1.3,7.5,4,11.5,,1.843
1660,F2,6,F2-6,RRP,R,poor,rich,rich,f,0.9,5.5,4,9.5,,1.845
1822,F2,9,F2-9,RPP,R,poor,poor,rich,f,1,5.5,4,9.5,32,1.846
2169,F2,6,F2-6,PPP,P,poor,poor,poor,f,1,6.5,5,11.5,,1.847
1547,F2,2,F2-2,RRP,R,poor,rich,rich,f,1,5.5,5,10.5,,1.847
2148,F2,8,F2-8,PSP,P,poor,std,poor,f,1,6.5,4,10.5,29,1.849
1984,F2,4,F2-4,PRP,P,poor,rich,poor,f,1.1,6.5,4,10.5,,1.851
2072,F2,2,F2-2,PPP,P,poor,poor,poor,f,1.2,5.5,6,11.5,,1.852
2164,F2,4,F2-4,PPP,P,poor,poor,poor,f,1.5,7.5,4,11.5,27,1.854
2124,F2,2,F2-2,PSP,P,poor,std,poor,f,1.2,7.5,5,12.5,,1.854
2127,F2,5,F2-5,PSP,P,poor,std,poor,f,1.3,6.5,4,10.5,22,1.857
2122,F2,2,F2-2,PSP,P,poor,std,poor,f,1.2,7.5,5,12.5,,1.858
2150,F2,8,F2-8,PSP,P,poor,std,poor,f,0.9,6.5,4,10.5,,1.858
1588,F2,4,F2-4,RRP,R,poor,rich,rich,f,0.9,5.5,4,9.5,47,1.861
2144,F2,5,F2-5,PSP,P,poor,std,poor,f,0.9,7.5,4,11.5,,1.862
1593,F2,5,F2-5,RRP,R,poor,rich,rich,f,1.2,5.5,4,9.5,33,1.863
1980,F2,3,F2-3,PRP,P,poor,rich,poor,f,1.2,6.5,6,12.5,,1.863
2075,F2,5,F2-5,PRP,P,poor,rich,poor,f,1.4,6.5,5,11.5,,1.863
2156,F2,3,F2-3,PPP,P,poor,poor,poor,f,1.1,7.5,4,11.5,,1.865
2078,F2,5,F2-5,PRP,P,poor,rich,poor,f,1.2,6.5,5,11.5,29,1.866
1879,F2,9,F2-9,RPP,R,poor,poor,rich,f,1.2,6.5,4,10.5,,1.867
2163,F2,4,F2-4,PPP,P,poor,poor,poor,f,1.6,7.5,4,11.5,,1.868
2172,F2,6,F2-6,PPP,P,poor,poor,poor,f,1.4,6.5,4,10.5,,1.869
2130,F2,7,F2-7,PSP,P,poor,std,poor,f,1.4,6.5,5,11.5,,1.869
2131,F2,6,F2-6,PRP,P,poor,rich,poor,f,1,7.5,4,11.5,,1.87
1816,F2,8,F2-8,RPP,R,poor,poor,rich,f,1.1,5.5,4,9.5,,1.87
1901,F2,1,F2-1,PRP,P,poor,rich,poor,f,1.1,6.5,4,10.5,,1.871
2125,F2,5,F2-5,PSP,P,poor,std,poor,f,1.4,6.5,5,11.5,,1.871
2181,F2,8,F2-8,PPP,P,poor,poor,poor,f,1.3,6.5,4,10.5,30,1.873
2012,F2,2,F2-2,PSP,P,poor,std,poor,f,1.3,6.5,6,12.5,,1.873
2173,F2,6,F2-6,PPP,P,poor,poor,poor,f,1.4,6.5,4,10.5,23,1.874
2128,F2,6,F2-6,PSP,P,poor,std,poor,f,1.4,6.5,5,11.5,,1.875
2146,F2,6,F2-6,PSP,P,poor,std,poor,f,1,7.5,4,11.5,,1.876
1658,F2,5,F2-5,RRP,R,poor,rich,rich,f,1,6.5,4,10.5,30,1.879
1844,F2,1,F2-1,PRP,P,poor,rich,poor,f,1.2,5.5,5,10.5,30,1.88
1847,F2,2,F2-2,PRP,P,poor,rich,poor,f,1.2,5.5,5,10.5,,1.881
1711,F2,1,F2-1,RPP,R,poor,poor,rich,f,1.3,6.5,4,10.5,,1.882
1544,F2,2,F2-2,RRP,R,poor,rich,rich,f,0.9,5.5,5,10.5,,1.882
2011,F2,2,F2-2,PSP,P,poor,std,poor,f,1.3,6.5,5,11.5,,1.883
2167,F2,5,F2-5,PPP,P,poor,poor,poor,f,1.3,6.5,5,11.5,,1.885
1657,F2,5,F2-5,RRP,R,poor,rich,rich,f,1,6.5,4,10.5,,1.885
1713,F2,2,F2-2,RPP,R,poor,poor,rich,f,1.2,6.5,4,10.5,,1.887
2021,F2,4,F2-4,PSP,P,poor,std,poor,f,1.2,6.5,4,10.5,32,1.889
1659,F2,5,F2-5,RRP,R,poor,rich,rich,f,1.2,6.5,3,9.5,32,1.889
2115,F2,2,F2-2,PPP,P,poor,poor,poor,f,1.4,6.5,5,11.5,,1.889
1447,F2,2,F2-2,RRS,R,std,rich,rich,f,1.4,5.5,4,9.5,,1.889
1656,F2,4,F2-4,RRP,R,poor,rich,rich,f,0.9,6.5,4,10.5,30,1.89
2082,F2,7,F2-7,PRP,P,poor,rich,poor,f,1.3,6.5,4,10.5,,1.89
1819,F2,9,F2-9,RPP,R,poor,poor,rich,f,1.1,5.5,5,10.5,30,1.892
1654,F2,4,F2-4,RRP,R,poor,rich,rich,f,1.2,6.5,4,10.5,30,1.892
1620,F2,1,F2-1,RPP,R,poor,poor,rich,f,1.3,5.5,5,10.5,32,1.893
2151,F2,8,F2-8,PSP,P,poor,std,poor,f,1.1,6.5,4,10.5,,1.893
1987,F2,6,F2-6,PRP,P,poor,rich,poor,f,1.3,5.5,5,10.5,32,1.894
1957,F2,9,F2-9,RPP,R,poor,poor,rich,f,1.3,7.5,3,10.5,,1.894
1786,F2,9,F2-9,RRP,R,poor,rich,rich,f,1.1,4.5,4,8.5,38,1.895
2117,F2,3,F2-3,PPP,P,poor,poor,poor,f,1.3,6.5,5,11.5,29,1.896
2180,F2,8,F2-8,PPP,P,poor,poor,poor,f,1.2,6.5,4,10.5,32,1.896
2085,F2,8,F2-8,PRP,P,poor,rich,poor,f,1.5,5.5,5,10.5,,1.896
2074,F2,3,F2-3,PRP,P,poor,rich,poor,f,1.1,7.5,5,12.5,30,1.897
1842,F2,1,F2-1,PRP,P,poor,rich,poor,f,1.2,5.5,4,9.5,,1.897
1443,F2,1,F2-1,RRS,R,std,rich,rich,f,1.5,5.5,4,9.5,29,1.898
1979,F2,3,F2-3,PRP,P,poor,rich,poor,f,1.2,6.5,6,12.5,,1.899
2123,F2,2,F2-2,PSP,P,poor,std,poor,f,1.6,7.5,5,12.5,,1.899
1716,F2,3,F2-3,RPP,R,poor,poor,rich,f,1.1,6.5,3,9.5,31,1.901
1905,F2,4,F2-4,PRP,P,poor,rich,poor,f,1.3,5.5,4,9.5,34,1.902
1806,F2,6,F2-6,RPP,R,poor,poor,rich,f,1.3,6.5,3,9.5,23,1.903
1717,F2,3,F2-3,RPP,R,poor,poor,rich,f,1.1,6.5,4,10.5,24,1.904
1595,F2,5,F2-5,RRP,R,poor,rich,rich,f,1.2,5.5,4,9.5,28,1.904
2162,F2,4,F2-4,PPP,P,poor,poor,poor,f,1.1,7.5,4,11.5,,1.904
2064,F2,8,F2-8,PPS,P,std,poor,poor,f,1.5,4.5,5,9.5,,1.905
1899,F2,3,F2-3,PRP,P,poor,rich,poor,f,1.3,5.5,5,10.5,,1.905
2003,F2,7,F2-7,PSS,P,std,std,poor,f,1.3,5.5,3,8.5,38,1.906
1626,F2,3,F2-3,RPP,R,poor,poor,rich,f,1.2,5.5,4,9.5,,1.906
1821,F2,9,F2-9,RPP,R,poor,poor,rich,f,1.2,5.5,4,9.5,,1.906
1764,F2,2,F2-2,RPP,R,poor,poor,rich,f,1.6,7.5,5,12.5,35,1.907
1843,F2,1,F2-1,PRP,P,poor,rich,poor,f,1.1,5.5,5,10.5,,1.907
2133,F2,6,F2-6,PRP,P,poor,rich,poor,f,1.2,7.5,4,11.5,,1.907
1801,F2,5,F2-5,RPP,R,poor,poor,rich,f,1.2,6.5,4,10.5,21,1.908
1590,F2,4,F2-4,RRP,R,poor,rich,rich,f,1.1,5.5,4,9.5,28,1.909
1775,F2,6,F2-6,RPP,R,poor,poor,rich,f,1.2,4.5,4,8.5,34,1.91
1637,F2,8,F2-8,RRR,R,rich,rich,rich,f,1.6,4.5,3,7.5,42,1.91
2118,F2,4,F2-4,PPP,P,poor,poor,poor,f,1.3,6.5,5,11.5,,1.91
2077,F2,5,F2-5,PRP,P,poor,rich,poor,f,1.5,6.5,5,11.5,,1.91
1592,F2,4,F2-4,RRP,R,poor,rich,rich,f,1,5.5,4,9.5,31,1.911
1548,F2,2b,F2-2b,RRP,R,poor,rich,rich,f,0.9,5.5,5,10.5,,1.911
2155,F2,1,F2-1,PPP,P,poor,poor,poor,f,1.1,7.5,4,11.5,22,1.912
2192,F2,8,F2-8,PSP,P,poor,std,poor,f,1.3,7.5,4,11.5,,1.912
1776,F2,6,F2-6,RPP,R,poor,poor,rich,f,1.2,4.5,4,8.5,,1.913
1820,F2,9,F2-9,RPP,R,poor,poor,rich,f,1.2,5.5,4,9.5,,1.913
1804,F2,5,F2-5,RPP,R,poor,poor,rich,f,1.3,6.5,2,8.5,26,1.914
2189,F2,9,F2-9,PRP,P,poor,rich,poor,f,1.4,7.5,4,11.5,35,1.915
1767,F2,5,F2-5,RPP,R,poor,poor,rich,f,1.6,4.5,4,8.5,,1.915
1448,F2,2,F2-2,RRS,R,std,rich,rich,f,1.6,5.5,4,9.5,,1.915
1956,F2,9,F2-9,RPP,R,poor,poor,rich,f,1.4,7.5,4,11.5,30,1.916
1917,F2,3,F2-3,PSS,P,std,std,poor,f,1.4,5.5,5,10.5,37,1.916
2116,F2,3,F2-3,PPP,P,poor,poor,poor,f,1.4,6.5,5,11.5,,1.916
1718,F2,3,F2-3,RPP,R,poor,poor,rich,f,1,6.5,4,10.5,33,1.917
1988,F2,7,F2-7,PRP,P,poor,rich,poor,f,1.2,5.5,5,10.5,32,1.918
2166,F2,5,F2-5,PPP,P,poor,poor,poor,f,1.1,6.5,5,11.5,,1.918
2186,F2,9,F2-9,PRP,P,poor,rich,poor,f,1.1,7.5,3,10.5,,1.918
1809,F2,6,F2-6,RPP,R,poor,poor,rich,f,1.2,6.5,2,8.5,,1.918
1627,F2,4,F2-4,RPP,R,poor,poor,rich,f,1.3,4.5,4,8.5,,1.92
2165,F2,5,F2-5,PPP,P,poor,poor,poor,f,1.1,6.5,4,10.5,,1.921
1614,F2,5,F2-5,SSS,S,std,std,std,f,1.2,5.5,4,9.5,37,1.922
2174,F2,6,F2-6,PPP,P,poor,poor,poor,f,1.2,6.5,4,10.5,26,1.923
1813,F2,7,F2-7,RPP,R,poor,poor,rich,f,1.1,6.5,2,8.5,27,1.923
1878,F2,9,F2-9,RPP,R,poor,poor,rich,f,1.1,6.5,4,10.5,28,1.924
1623,F2,2,F2-2,RPP,R,poor,poor,rich,f,1.2,5.5,4,9.5,31,1.924
2171,F2,6,F2-6,PPP,P,poor,poor,poor,f,1.2,6.5,5,11.5,32,1.924
1741,F2,7,F2-7,RRP,R,poor,rich,rich,f,1.2,6.5,4,10.5,,1.924
2176,F2,6,F2-6,PPP,P,poor,poor,poor,f,1.2,6.5,4,10.5,,1.926
2177,F2,7,F2-7,PPP,P,poor,poor,poor,f,1.3,6.5,5,11.5,,1.926
1765,F2,2,F2-2,RPP,R,poor,poor,rich,f,1.3,7.5,4,11.5,31,1.927
2096,F2,5,F2-5,PPS,P,std,poor,poor,f,1.4,5.5,5,10.5,32,1.927
1808,F2,6,F2-6,RPP,R,poor,poor,rich,f,1,6.5,2,8.5,,1.928
2183,F2,8,F2-8,PPP,P,poor,poor,poor,f,1.2,6.5,4,10.5,22,1.93
1725,F2,4,F2-4,RPP,R,poor,poor,rich,f,1.2,5.6,4,9.6,32,1.931
2199,F2,5,F2-5,PPP,P,poor,poor,poor,f,1.3,7.5,4,11.5,,1.931
2129,F2,6,F2-6,PSP,P,poor,std,poor,f,1.4,6.5,5,11.5,,1.931
1805,F2,5,F2-5,RPP,R,poor,poor,rich,f,1.4,6.5,3,9.5,30,1.932
1785,F2,9,F2-9,RRP,R,poor,rich,rich,f,1.2,4.5,3,7.5,32,1.935
1983,F2,4,F2-4,PRP,P,poor,rich,poor,f,1.2,6.5,4,10.5,,1.935
2184,F2,8,F2-8,PPP,P,poor,poor,poor,f,1.2,6.5,4,10.5,34,1.936
2024,F2,7,F2-7,PSP,P,poor,std,poor,f,1.3,5.5,5,10.5,,1.936
1874,F2,8,F2-8,RPP,R,poor,poor,rich,f,1.1,6.5,4,10.5,,1.936
2073,F2,3,F2-3,PRP,P,poor,rich,poor,f,1.2,7.5,5,12.5,,1.937
2079,F2,6,F2-6,PRP,P,poor,rich,poor,f,1.3,6.5,4,10.5,,1.937
1709,F2,1,F2-1,RPP,R,poor,poor,rich,f,1.2,6.5,4,10.5,,1.937
1612,F2,5,F2-5,RSS,R,std,std,rich,f,1.3,5.5,4,9.5,,1.937
1756,F2,8,F2-8,RSS,R,std,std,rich,f,1.4,5.5,4,9.5,36,1.938
1668,F2,7,F2-7,RRP,R,poor,rich,rich,f,1.1,5.5,3,8.5,,1.938
1869,F2,2,F2-2,PPR,P,rich,poor,poor,f,1.7,4.5,4,8.5,,1.94
1986,F2,6,F2-6,PRP,P,poor,rich,poor,f,1.4,5.5,5,10.5,,1.94
2113,F2,1,F2-1,PPP,P,poor,poor,poor,f,1.4,6.5,4,10.5,29,1.941
2114,F2,2,F2-2,PPP,P,poor,poor,poor,f,1.5,6.5,5,11.5,30,1.941
1846,F2,2,F2-2,PRP,P,poor,rich,poor,f,1.2,5.5,4,9.5,31,1.941
2097,F2,5,F2-5,PPS,P,std,poor,poor,f,1.8,5.5,5,10.5,32,1.941
1738,F2,8,F2-8,RRS,R,std,rich,rich,f,1.4,5.5,3,8.5,,1.943
2033,F2,8,F2-8,PSP,P,poor,std,poor,f,1.3,4.5,4,8.5,31,1.944
2027,F2,7,F2-7,PSP,P,poor,std,poor,f,1.2,5.5,5,10.5,,1.944
1954,F2,8,F2-8,RPP,R,poor,poor,rich,f,1.2,7.5,4,11.5,28,1.945
2143,F2,5,F2-5,PSP,P,poor,std,poor,f,1.1,7.5,5,12.5,31,1.945
1927,F2,1,F2-1,PSP,P,poor,std,poor,f,1.3,6.5,4,10.5,,1.945
2175,F2,6,F2-6,PPP,P,poor,poor,poor,f,1.3,6.5,4,10.5,30,1.946
2139,F2,9,F2-9,PRP,P,poor,rich,poor,f,1.3,6.5,4,10.5,,1.946
1583,F2,1,F2-1,RRP,R,poor,rich,rich,f,1.1,6.5,4,10.5,,1.947
1534,F2,5,F2-5,RRR,R,rich,rich,rich,f,1.2,3.5,5,8.5,,1.948
1772,F2,6,F2-6,RPP,R,poor,poor,rich,f,1.3,4.5,4,8.5,34,1.949
1519,F2,2,F2-2,RPR,R,rich,poor,rich,f,1.4,4.5,4,8.5,36,1.949
2087,F2,8,F2-8,PSS,P,std,std,poor,f,1.6,5.5,5,10.5,,1.949
1633,F2,7,F2-7,RRR,R,rich,rich,rich,f,1.4,4.5,4,8.5,,1.949
1607,F2,4,F2-4,RSS,R,std,std,rich,f,1.5,5.5,4,9.5,,1.949
2136,F2,8,F2-8,PRP,P,poor,rich,poor,f,1.3,6.5,4,10.5,30,1.95
2070,F2,2,F2-2,PPP,P,poor,poor,poor,f,1.2,5.5,5,10.5,34,1.95
1818,F2,9,F2-9,RPP,R,poor,poor,rich,f,1.1,5.5,4,9.5,34,1.95
1615,F2,5,F2-5,SSS,S,std,std,std,f,1.5,5.5,4,9.5,36,1.95
1758,F2,9,F2-9,RSS,R,std,std,rich,f,1.7,5.5,4,9.5,37,1.95
2120,F2,6,F2-6,PPP,P,poor,poor,poor,f,1.4,5.5,5,10.5,,1.95
1715,F2,2,F2-2,RPP,R,poor,poor,rich,f,1.2,6.5,4,10.5,26,1.951
1567,F2,5,F2-5,RPR,R,rich,poor,rich,f,1,1.5,5,6.5,49,1.951
1999,F2,6,F2-6,PSS,P,std,std,poor,f,1.4,5.5,5,10.5,,1.951
1522,F2,2,F2-2,RPR,R,rich,poor,rich,f,1.5,4.5,4,8.5,,1.951
1826,F2,2,F2-2,PRR,P,rich,rich,poor,f,1.4,4.5,4,8.5,37,1.952
1667,F2,7,F2-7,RRP,R,poor,rich,rich,f,1,5.5,4,9.5,,1.952
1500,F2,2,F2-2,SSS,S,std,std,std,f,1.4,5.5,4,9.5,38,1.953
1903,F2,3,F2-3,PRP,P,poor,rich,poor,f,1.4,5.5,4,9.5,,1.953
2028,F2,7,F2-7,PSP,P,poor,std,poor,f,1.2,5.5,5,10.5,,1.953
1439,F2,1,F2-1,RRS,R,std,rich,rich,f,1.8,5.5,4,9.5,32,1.955
1866,F2,1,F2-1,PPR,P,rich,poor,poor,f,1.6,4.5,4,8.5,36,1.955
2134,F2,8,F2-8,PRP,P,poor,rich,poor,f,1.3,6.5,4,10.5,,1.956
1991,F2,5,F2-5,PSS,P,std,std,poor,f,1.3,5.5,5,10.5,,1.956
1857,F2,1,F2-1,PSP,P,poor,std,poor,f,1.3,5.5,4,9.5,24,1.957
2138,F2,9,F2-9,PRP,P,poor,rich,poor,f,1.4,6.5,4,10.5,32,1.957
1710,F2,1,F2-1,RPP,R,poor,poor,rich,f,1.1,6.5,4,10.5,34,1.957
1920,F2,4,F2-4,PSS,P,std,std,poor,f,1.5,5.5,5,10.5,39,1.957
2086,F2,8,F2-8,PSS,P,std,std,poor,f,1.6,5.5,5,10.5,,1.957
1817,F2,8,F2-8,RPP,R,poor,poor,rich,f,1.1,5.5,4,9.5,31,1.958
1751,F2,9,F2-9,RRP,R,poor,rich,rich,f,1.3,5.5,4,9.5,32,1.958
1655,F2,4,F2-4,RRP,R,poor,rich,rich,f,0.9,6.5,4,10.5,,1.958
1729,F2,7,F2-7,RRS,R,std,rich,rich,f,1.3,5.5,4,9.5,36,1.959
2121,F2,8,F2-8,PPP,P,poor,poor,poor,f,1.3,5.5,5,10.5,,1.959
1864,F2,1,F2-1,PPR,P,rich,poor,poor,f,1.5,4.5,4,8.5,43,1.96
2084,F2,8,F2-8,PRP,P,poor,rich,poor,f,1.6,5.5,5,10.5,35,1.961
1891,F2,6,F2-6,PRR,P,rich,rich,poor,f,1.5,4.5,4,8.5,,1.962
2016,F2,3,F2-3,PSP,P,poor,std,poor,f,1.3,6.5,6,12.5,,1.962
1742,F2,8,F2-8,RRP,R,poor,rich,rich,f,1.4,5.5,4,9.5,,1.962
1652,F2,6,F2-6,RRS,R,std,rich,rich,f,1.5,5.5,4,9.5,35,1.963
1955,F2,8,F2-8,RPP,R,poor,poor,rich,f,1.2,7.5,4,11.5,,1.963
1900,F2,3,F2-3,PRP,P,poor,rich,poor,f,1.3,5.5,4,9.5,,1.964
2004,F2,7,F2-7,PSS,P,std,std,poor,f,1.6,5.5,4,9.5,,1.964
1724,F2,4,F2-4,RPP,R,poor,poor,rich,f,1.1,5.6,4,9.6,35,1.965
1959,F2,8,F2-8,PRR,P,rich,rich,poor,f,1.6,4.5,4,8.5,38,1.965
1841,F2,1,F2-1,PRP,P,poor,rich,poor,f,1.1,5.5,4,9.5,,1.965
1995,F2,5,F2-5,PSS,P,std,std,poor,f,1.7,5.5,6,11.5,,1.965
1781,F2,7,F2-7,RPP,R,poor,poor,rich,f,1.2,4.5,4,8.5,,1.966
2119,F2,5,F2-5,PPP,P,poor,poor,poor,f,1.5,5.5,5,10.5,33,1.967
2014,F2,3,F2-3,PSP,P,poor,std,poor,f,1.4,6.5,4,10.5,34,1.967
1662,F2,6,F2-6,RRP,R,poor,rich,rich,f,1.1,5.5,4,9.5,,1.967
1745,F2,8,F2-8,RRP,R,poor,rich,rich,f,1.4,5.5,4,9.5,32,1.968
1666,F2,7,F2-7,RRP,R,poor,rich,rich,f,1.2,5.5,4,9.5,33,1.968
1998,F2,6,F2-6,PSS,P,std,std,poor,f,1.4,5.5,5,10.5,,1.968
2065,F2,8,F2-8,PPS,P,std,poor,poor,f,1.5,4.5,6,10.5,34,1.969
1587,F2,2b,F2-2b,RRP,R,poor,rich,rich,f,1.2,6.5,4,10.5,,1.969
1981,F2,4,F2-4,PRP,P,poor,rich,poor,f,1.1,6.5,5,11.5,22,1.97
1766,F2,5,F2-5,RPP,R,poor,poor,rich,f,1.5,4.5,4,8.5,34,1.97
1783,F2,8,F2-8,RRP,R,poor,rich,rich,f,1.2,4.5,4,8.5,34,1.97
1604,F2,4,F2-4,RSS,R,std,std,rich,f,1.4,5.5,4,9.5,,1.97
1597,F2,3,F2-3,RSS,R,std,std,rich,f,1.4,5.5,4,9.5,31,1.971
2094,F2,5,F2-5,PPS,P,std,poor,poor,f,1.5,5.5,5,10.5,,1.971
1850,F2,2,F2-2,PRP,P,poor,rich,poor,f,1.5,5.5,5,10.5,,1.971
2076,F2,5,F2-5,PRP,P,poor,rich,poor,f,1.5,6.5,5,11.5,,1.972
1669,F2,7,F2-7,RRP,R,poor,rich,rich,f,1.2,5.5,4,9.5,,1.972
1712,F2,1,F2-1,RPP,R,poor,poor,rich,f,1.2,6.5,4,10.5,30,1.973
2049,F2,2,F2-2,PPS,P,std,poor,poor,f,1.4,5.5,3,8.5,34,1.974
1498,F2,1,F2-1,SSS,S,std,std,std,f,1.6,5.5,4,9.5,35,1.974
2126,F2,5,F2-5,PSP,P,poor,std,poor,f,1.5,6.5,4,10.5,29,1.975
1886,F2,6,F2-6,PRR,P,rich,rich,poor,f,1.7,4.5,4,8.5,39,1.975
1913,F2,3,F2-3,PSS,P,std,std,poor,f,1.2,5.5,4,9.5,,1.975
1770,F2,5,F2-5,RPP,R,poor,poor,rich,f,1.5,4.5,4,8.5,34,1.976
1726,F2,4,F2-4,RPP,R,poor,poor,rich,f,1.3,5.6,4,9.6,36,1.976
1442,F2,1,F2-1,RRS,R,std,rich,rich,f,1.6,5.5,4,9.5,,1.976
1449,F2,2,F2-2,RRS,R,std,rich,rich,f,1.9,5.5,4,9.5,,1.976
1483,F2,1,F2-1,RSS,R,std,std,rich,f,1.6,5.5,4,9.5,36,1.977
1573,F2,3,F2-3,RRS,R,std,rich,rich,f,1.7,5.5,4,9.5,39,1.977
1480,F2,7,F2-7,RSR,R,rich,std,rich,f,1.8,3.5,5,8.5,40,1.977
1441,F2,1,F2-1,RRS,R,std,rich,rich,f,1.6,5.5,4,9.5,,1.977
1596,F2,3,F2-3,RSS,R,std,std,rich,f,1.3,5.5,4,9.5,22,1.979
1697,F2,6,F2-6,RPR,R,rich,poor,rich,f,1.7,3.5,4,7.5,36,1.979
2111,F2,8,F2-8,PPS,P,std,poor,poor,f,1.4,5.5,4,9.5,20,1.98
1739,F2,8,F2-8,RRS,R,std,rich,rich,f,1.4,5.5,4,9.5,,1.98
1797,F2,9,F2-9,RPR,R,rich,poor,rich,f,1.3,4.5,4,8.5,,1.981
1749,F2,9,F2-9,RRP,R,poor,rich,rich,f,1.7,5.5,5,10.5,,1.981
2083,F2,8,F2-8,PRP,P,poor,rich,poor,f,1.5,5.5,5,10.5,24,1.982
1861,F2,1,F2-1,PSP,P,poor,std,poor,f,1.4,5.5,4,9.5,26,1.982
1740,F2,7,F2-7,RRP,R,poor,rich,rich,f,1.5,6.5,4,10.5,33,1.982
2178,F2,7,F2-7,PPP,P,poor,poor,poor,f,1.3,6.5,5,11.5,33,1.983
1485,F2,1,F2-1,RSS,R,std,std,rich,f,1.7,5.5,4,9.5,35,1.984
1616,F2,5,F2-5,SSS,S,std,std,std,f,1.4,5.5,4,9.5,35,1.984
1651,F2,6,F2-6,RRS,R,std,rich,rich,f,1.5,5.5,4,9.5,38,1.984
1845,F2,2,F2-2,PRP,P,poor,rich,poor,f,1.3,5.5,5,10.5,,1.984
1653,F2,6,F2-6,RRS,R,std,rich,rich,f,1.6,5.5,4,9.5,39,1.985
1892,F2,7,F2-7,PRR,P,rich,rich,poor,f,1.5,4.5,4,8.5,32,1.986
1618,F2,5,F2-5,SSS,S,std,std,std,f,1.5,5.5,4,9.5,36,1.986
2068,F2,1,F2-1,PPP,P,poor,poor,poor,f,1.5,5.5,4,9.5,,1.986
2089,F2,8,F2-8,PSS,P,std,std,poor,f,1.5,5.5,4,9.5,,1.986
1405,F2,2,F2-2,RRR,R,rich,rich,rich,f,2.1,3.5,4,7.5,,1.986
2019,F2,4,F2-4,PSP,P,poor,std,poor,f,1,6.5,4,10.5,,1.987
1499,F2,2,F2-2,SSS,S,std,std,std,f,1.6,5.5,4,9.5,,1.987
1875,F2,8,F2-8,RPP,R,poor,poor,rich,f,1.3,6.5,4,10.5,33,1.988
1575,F2,3,F2-3,RRS,R,std,rich,rich,f,1.6,5.5,4,9.5,34,1.988
1704,F2,7,F2-7,RPR,R,rich,poor,rich,f,1.4,2.5,4,6.5,36,1.988
1683,F2,5,F2-5,RSS,R,std,std,rich,f,1.3,6.5,4,10.5,36,1.988
1603,F2,4,F2-4,RSS,R,std,std,rich,f,1.4,5.5,4,9.5,,1.988
1645,F2,5,F2-5,RRS,R,std,rich,rich,f,1.3,5.5,4,9.5,28,1.989
1906,F2,4,F2-4,PRP,P,poor,rich,poor,f,1.3,5.5,4,9.5,33,1.989
1640,F2,4,F2-4,RRS,R,std,rich,rich,f,1.5,6.5,3,9.5,37,1.989
1812,F2,7,F2-7,RPP,R,poor,poor,rich,f,1.5,6.5,3,9.5,,1.989
1746,F2,8,F2-8,RRP,R,poor,rich,rich,f,1.5,5.5,4,9.5,30,1.99
2057,F2,3,F2-3,PPS,P,std,poor,poor,f,1.4,5.5,4,9.5,,1.99
1686,F2,6,F2-6,RSS,R,std,std,rich,f,1.3,5.5,4,9.5,24,1.991
1787,F2,9,F2-9,RRP,R,poor,rich,rich,f,1.3,4.5,4,8.5,28,1.991
1782,F2,8,F2-8,RRP,R,poor,rich,rich,f,1.2,4.5,4,8.5,31,1.991
1688,F2,6,F2-6,RSS,R,std,std,rich,f,1.3,5.5,3,8.5,33,1.991
1605,F2,4,F2-4,RSS,R,std,std,rich,f,1.6,5.5,4,9.5,34,1.991
2026,F2,7,F2-7,PSP,P,poor,std,poor,f,1.4,5.5,5,10.5,,1.991
1504,F2,2,F2-2,SSS,S,std,std,std,f,1.6,5.5,4,9.5,,1.991
2018,F2,4,F2-4,PSP,P,poor,std,poor,f,1.3,6.5,3,9.5,33,1.992
2058,F2,3,F2-3,PPS,P,std,poor,poor,f,1.8,5.5,4,9.5,35,1.992
1617,F2,5,F2-5,SSS,S,std,std,std,f,1.4,5.5,4,9.5,36,1.992
2047,F2,2,F2-2,PPS,P,std,poor,poor,f,1.4,5.5,3,8.5,38,1.992
1810,F2,7,F2-7,RPP,R,poor,poor,rich,f,1.3,6.5,2,8.5,39,1.992
2104,F2,7,F2-7,PPS,P,std,poor,poor,f,1.7,5.5,5,10.5,,1.992
1450,F2,2,F2-2,RRS,R,std,rich,rich,f,1.7,5.5,4,9.5,,1.992
1884,F2,5,F2-5,PRR,P,rich,rich,poor,f,1.5,4.5,4,8.5,34,1.993
1580,F2,4,F2-4,RRS,R,std,rich,rich,f,1.4,5.5,4,9.5,40,1.993
1508,F2,3,F2-3,SSS,S,std,std,std,f,1.4,5.5,4,9.5,43,1.993
2060,F2,6,F2-6,PPS,P,std,poor,poor,f,1.5,4.5,5,9.5,,1.993
2191,F2,6,F2-6,PSP,P,poor,std,poor,f,0.9,8.5,4,12.5,,1.993
1586,F2,2b,F2-2b,RRP,R,poor,rich,rich,f,1.1,6.5,4,10.5,,1.993
2000,F2,6,F2-6,PSS,P,std,std,poor,f,1.5,5.5,4,9.5,38,1.994
1503,F2,2,F2-2,SSS,S,std,std,std,f,1.5,5.5,4,9.5,38,1.994
2090,F2,8,F2-8,PSS,P,std,std,poor,f,1.6,5.5,4,9.5,23,1.995
1815,F2,8,F2-8,RPP,R,poor,poor,rich,f,1.3,5.5,3,8.5,32,1.995
1570,F2,3,F2-3,RRS,R,std,rich,rich,f,1.4,5.5,4,9.5,36,1.995
2006,F2,7,F2-7,PSS,P,std,std,poor,f,1.6,5.5,4,9.5,28,1.996
1760,F2,9,F2-9,RSS,R,std,std,rich,f,1.4,5.5,4,9.5,35,1.996
1755,F2,8,F2-8,RSS,R,std,std,rich,f,1.3,5.5,4,9.5,37,1.996
1871,F2,2,F2-2,PPR,P,rich,poor,poor,f,1.5,4.5,3,7.5,47,1.997
1693,F2,7,F2-7,RSS,R,std,std,rich,f,1.3,5.5,4,9.5,34,1.998
2022,F2,4,F2-4,PSP,P,poor,std,poor,f,1.2,6.5,4,10.5,41,1.998
2099,F2,6,F2-6,PPS,P,std,poor,poor,f,1.5,5.5,4,9.5,,1.998
2107,F2,8,F2-8,PPS,P,std,poor,poor,f,1.7,5.5,5,10.5,,1.998
1912,F2,2,F2-2,PSS,P,std,std,poor,f,1.4,5.5,4,9.5,41,1.999
1931,F2,3,F2-3,PSP,P,poor,std,poor,f,1.3,5.5,4,9.5,,1.999
1533,F2,5,F2-5,RRR,R,rich,rich,rich,f,1.2,3.5,5,8.5,,1.999
1422,F2,4,F2-4,RRR,R,rich,rich,rich,f,1.4,3.5,4,7.5,42,2
1664,F2,6,F2-6,RRP,R,poor,rich,rich,f,1.2,5.5,4,9.5,,2
1865,F2,1,F2-1,PPR,P,rich,poor,poor,f,1.4,4.5,4,8.5,36,2.001
1628,F2,7,F2-7,RRR,R,rich,rich,rich,f,1.5,4.5,3,7.5,36,2.001
1792,F2,8,F2-8,RPR,R,rich,poor,rich,f,1.4,4.5,4,8.5,37,2.001
1505,F2,3,F2-3,SSS,S,std,std,std,f,1.4,5.5,4,9.5,44,2.001
1849,F2,2,F2-2,PRP,P,poor,rich,poor,f,1.5,5.5,5,10.5,,2.001
2017,F2,4,F2-4,PSP,P,poor,std,poor,f,1.4,6.5,5,11.5,34,2.002
1613,F2,5,F2-5,RSS,R,std,std,rich,f,1.3,5.5,4,9.5,34,2.002
2053,F2,3,F2-3,PPS,P,std,poor,poor,f,1.4,5.5,4,9.5,36,2.002
2045,F2,2,F2-2,PPS,P,std,poor,poor,f,1.3,5.5,4,9.5,41,2.002
2101,F2,6,F2-6,PPS,P,std,poor,poor,f,1.4,5.5,4,9.5,,2.002
1734,F2,8,F2-8,RRS,R,std,rich,rich,f,1.6,5.5,4,9.5,,2.002
2042,F2,1,F2-1,PPS,P,std,poor,poor,f,1.4,5.5,3,8.5,34,2.003
1997,F2,6,F2-6,PSS,P,std,std,poor,f,1.3,5.5,4,9.5,37,2.003
1761,F2,9,F2-9,RSS,R,std,std,rich,f,1.5,5.5,4,9.5,38,2.003
1440,F2,1,F2-1,RRS,R,std,rich,rich,f,1.9,5.5,4,9.5,45,2.003
2088,F2,8,F2-8,PSS,P,std,std,poor,f,1.7,5.5,4,9.5,30,2.004
1446,F2,2,F2-2,RRS,R,std,rich,rich,f,1.5,5.5,4,9.5,36,2.004
1793,F2,8,F2-8,RPR,R,rich,poor,rich,f,1.4,4.5,3,7.5,38,2.004
1599,F2,3,F2-3,RSS,R,std,std,rich,f,1.4,5.5,4,9.5,39,2.004
1528,F2,3,F2-3,RPR,R,rich,poor,rich,f,1.5,3.5,4,7.5,42,2.004
2048,F2,2,F2-2,PPS,P,std,poor,poor,f,1.5,5.5,4,9.5,32,2.005
1502,F2,2,F2-2,SSS,S,std,std,std,f,1.6,5.5,4,9.5,33,2.005
1646,F2,5,F2-5,RRS,R,std,rich,rich,f,1.4,5.5,3,8.5,36,2.005
1437,F2,1,F2-1,RRS,R,std,rich,rich,f,1.6,5.5,4,9.5,37,2.005
2008,F2,2,F2-2,PSP,P,poor,std,poor,f,1.3,6.5,5,11.5,,2.005
1916,F2,3,F2-3,PSS,P,std,std,poor,f,1.6,5.5,4,9.5,26,2.006
1476,F2,7,F2-7,RSR,R,rich,std,rich,f,1.7,3.5,5,8.5,46,2.006
2023,F2,4,F2-4,PSP,P,poor,std,poor,f,1.2,6.5,5,11.5,,2.006
2010,F2,2,F2-2,PSP,P,poor,std,poor,f,1.6,6.5,4,10.5,28,2.008
2109,F2,8,F2-8,PPS,P,std,poor,poor,f,1.5,5.5,5,10.5,32,2.008
1800,F2,5,F2-5,RPP,R,poor,poor,rich,f,1.5,6.5,4,10.5,36,2.008
1700,F2,6,F2-6,RPR,R,rich,poor,rich,f,1.6,3.5,3,6.5,36,2.008
1486,F2,1,F2-1,RSS,R,std,std,rich,f,1.7,5.5,5,10.5,36,2.008
1482,F2,1,F2-1,RSS,R,std,std,rich,f,1.6,5.5,4,9.5,38,2.008
2050,F2,2,F2-2,PPS,P,std,poor,poor,f,1.4,5.5,4,9.5,,2.008
1855,F2,1,F2-1,PSS,P,std,std,poor,f,1.5,5.5,4,9.5,33,2.009
1490,F2,2,F2-2,RRS,R,std,rich,rich,f,1.5,5.5,4,9.5,35,2.009
1936,F2,4,F2-4,PPR,P,rich,poor,poor,f,1.3,4.5,4,8.5,46,2.009
1907,F2,2,F2-2,PSS,P,std,std,poor,f,1.5,5.5,4,9.5,,2.009
1572,F2,3,F2-3,RRS,R,std,rich,rich,f,1.7,5.5,4,9.5,,2.009
1400,F2,1,F2-1,RRR,R,rich,rich,rich,f,1.7,3.5,4,7.5,38,2.01
1404,F2,2,F2-2,RRR,R,rich,rich,rich,f,1.8,3.5,5,8.5,44,2.01
2041,F2,1,F2-1,PPS,P,std,poor,poor,f,1.4,5.5,4,9.5,,2.01
2059,F2,6,F2-6,PPS,P,std,poor,poor,f,1.5,4.5,4,8.5,,2.01
1923,F2,4,F2-4,PSS,P,std,std,poor,f,1.7,5.5,4,9.5,,2.01
1512,F2,4,F2-4,SSS,S,std,std,std,f,1.5,5.5,4,9.5,38,2.011
1996,F2,6,F2-6,PSS,P,std,std,poor,f,1.5,5.5,4,9.5,42,2.011
1876,F2,8,F2-8,RPP,R,poor,poor,rich,f,1.1,6.5,4,10.5,32,2.012
1802,F2,5,F2-5,RPP,R,poor,poor,rich,f,1.4,6.5,4,10.5,35,2.012
1561,F2,4,F2-4,RPR,R,rich,poor,rich,f,1.2,3.5,5,8.5,40,2.012
1823,F2,2,F2-2,PRR,P,rich,rich,poor,f,1.3,4.5,3,7.5,41,2.012
2102,F2,6,F2-6,PPS,P,std,poor,poor,f,1.5,5.5,4,9.5,,2.012
1602,F2,4,F2-4,RSS,R,std,std,rich,f,1.3,5.5,4,9.5,,2.012
2036,F2,1,F2-1,PPS,P,std,poor,poor,f,1.3,5.5,3,8.5,44,2.013
1673,F2,8,F2-8,RRP,R,poor,rich,rich,f,1.4,4.5,4,8.5,,2.013
1759,F2,9,F2-9,RSS,R,std,std,rich,f,1.6,5.5,4,9.5,34,2.014
2154,F2,1,F2-1,PPP,P,poor,poor,poor,f,1.4,7.5,4,11.5,,2.014
1992,F2,5,F2-5,PSS,P,std,std,poor,f,1.5,5.5,5,10.5,,2.014
1445,F2,2,F2-2,RRS,R,std,rich,rich,f,1.5,5.5,4,9.5,,2.014
1915,F2,3,F2-3,PSS,P,std,std,poor,f,1.2,5.5,4,9.5,36,2.015
2038,F2,1,F2-1,PPS,P,std,poor,poor,f,1.6,5.5,4,9.5,38,2.015
1769,F2,5,F2-5,RPP,R,poor,poor,rich,f,1.6,4.5,4,8.5,38,2.015
1513,F2,4,F2-4,SSS,S,std,std,std,f,1.5,5.5,4,9.5,41,2.015
1419,F2,2,F2-2,RSR,R,rich,std,rich,f,1.6,4.5,3,7.5,46,2.015
1910,F2,2,F2-2,PSS,P,std,std,poor,f,1.3,5.5,4,9.5,,2.016
1922,F2,4,F2-4,PSS,P,std,std,poor,f,1.5,5.5,4,9.5,,2.016
1497,F2,1,F2-1,SSS,S,std,std,std,f,1.4,5.5,4,9.5,,2.016
2061,F2,7,F2-7,PPS,P,std,poor,poor,f,1.4,4.5,4,8.5,33,2.017
1578,F2,4,F2-4,RRS,R,std,rich,rich,f,1.6,5.5,4,9.5,34,2.017
2031,F2,8,F2-8,PSP,P,poor,std,poor,f,1.3,4.5,4,8.5,35,2.017
1789,F2,8,F2-8,RPR,R,rich,poor,rich,f,1.5,4.5,4,8.5,37,2.017
1690,F2,7,F2-7,RSS,R,std,std,rich,f,1.5,5.5,4,9.5,41,2.017
2052,F2,3,F2-3,PPS,P,std,poor,poor,f,1.4,5.5,3,8.5,,2.017
1914,F2,3,F2-3,PSS,P,std,std,poor,f,1.6,5.5,5,10.5,,2.017
1469,F2,4,F2-4,RSR,R,rich,std,rich,f,1.9,4.5,4,8.5,,2.017
1942,F2,5,F2-5,PPR,P,rich,poor,poor,f,1.2,4.5,4,8.5,39,2.018
2037,F2,1,F2-1,PPS,P,std,poor,poor,f,1.5,5.5,4,9.5,44,2.018
2062,F2,7,F2-7,PPS,P,std,poor,poor,f,1.3,4.5,4,8.5,,2.019
1771,F2,5,F2-5,RPP,R,poor,poor,rich,f,1.4,4.5,4,8.5,32,2.02
1908,F2,2,F2-2,PSS,P,std,std,poor,f,1.5,5.5,4,9.5,41,2.02
1909,F2,2,F2-2,PSS,P,std,std,poor,f,1.4,5.5,5,10.5,,2.02
1703,F2,7,F2-7,RPR,R,rich,poor,rich,f,1.5,2.5,3,5.5,37,2.021
1930,F2,3,F2-3,PSP,P,poor,std,poor,f,1.4,5.5,5,10.5,40,2.021
1938,F2,4,F2-4,PPR,P,rich,poor,poor,f,1.3,4.5,3,7.5,,2.021
1888,F2,6,F2-6,PRR,P,rich,rich,poor,f,1.6,4.5,4,8.5,,2.021
2034,F2,8,F2-8,PSP,P,poor,std,poor,f,1.5,4.5,4,8.5,,2.021
1949,F2,6,F2-6,PPR,P,rich,poor,poor,f,1.5,4.5,4,8.5,42,2.022
2168,F2,5,F2-5,PPP,P,poor,poor,poor,f,1.3,6.5,4,10.5,,2.022
1609,F2,5,F2-5,RSS,R,std,std,rich,f,1.3,5.5,4,9.5,34,2.023
1644,F2,5,F2-5,RRS,R,std,rich,rich,f,1.4,5.5,3,8.5,43,2.023
1648,F2,6,F2-6,RRS,R,std,rich,rich,f,1.6,5.5,4,9.5,,2.023
1944,F2,5,F2-5,PPR,P,rich,poor,poor,f,1.3,4.5,4,8.5,38,2.024
1647,F2,5,F2-5,RRS,R,std,rich,rich,f,1.6,5.5,3,8.5,38,2.024
2013,F2,2,F2-2,PSP,P,poor,std,poor,f,1.4,6.5,5,11.5,43,2.024
1937,F2,4,F2-4,PPR,P,rich,poor,poor,f,1.3,4.5,4,8.5,44,2.024
1487,F2,1,F2-1,RSS,R,std,std,rich,f,1.5,5.5,4,9.5,34,2.025
1854,F2,1,F2-1,PSS,P,std,std,poor,f,1.6,5.5,4,9.5,38,2.025
1412,F2,2,F2-2,RRR,R,rich,rich,rich,f,1.8,4.5,4,8.5,39,2.025
1973,F2,10,F2-10,PRR,P,rich,rich,poor,f,1.3,4.5,4,8.5,42,2.025
1860,F2,1,F2-1,PSP,P,poor,std,poor,f,1.6,5.5,4,9.5,,2.025
1779,F2,7,F2-7,RPP,R,poor,poor,rich,f,1.5,4.5,5,9.5,,2.025
1827,F2,2,F2-2,PRR,P,rich,rich,poor,f,1.5,4.5,4,8.5,38,2.026
1932,F2,4,F2-4,PSP,P,poor,std,poor,f,1.4,5.5,5,10.5,41,2.026
1696,F2,8,F2-8,RSS,R,std,std,rich,f,1.5,4.5,5,9.5,30,2.027
1410,F2,2,F2-2,RRR,R,rich,rich,rich,f,1.8,4.5,4,8.5,36,2.027
1601,F2,3,F2-3,RSS,R,std,std,rich,f,1.5,5.5,4,9.5,38,2.027
1790,F2,8,F2-8,RPR,R,rich,poor,rich,f,1.5,4.5,4,8.5,39,2.027
2105,F2,7,F2-7,PPS,P,std,poor,poor,f,1.8,5.5,5,10.5,,2.027
1427,F2,3,F2-3,RRR,R,rich,rich,rich,f,1.8,4.5,4,8.5,,2.027
1672,F2,8,F2-8,RRP,R,poor,rich,rich,f,1.3,4.5,5,9.5,36,2.028
1527,F2,3,F2-3,RPR,R,rich,poor,rich,f,1.7,3.5,4,7.5,45,2.028
1670,F2,8,F2-8,RRP,R,poor,rich,rich,f,1.3,4.5,4,8.5,,2.028
1649,F2,6,F2-6,RRS,R,std,rich,rich,f,1.5,5.5,4,9.5,,2.028
1496,F2,1,F2-1,SSS,S,std,std,std,f,1.4,5.5,4,9.5,34,2.029
2100,F2,6,F2-6,PPS,P,std,poor,poor,f,1.7,5.5,4,9.5,35,2.029
1735,F2,8,F2-8,RRS,R,std,rich,rich,f,1.7,5.5,4,9.5,36,2.029
1467,F2,4,F2-4,RSR,R,rich,std,rich,f,1.9,4.5,4,8.5,41,2.029
1839,F2,4,F2-4,PRR,P,rich,rich,poor,f,1.7,4.5,4,8.5,,2.029
1642,F2,5,F2-5,RRS,R,std,rich,rich,f,1.6,5.5,4,9.5,34,2.03
1881,F2,5,F2-5,PRR,P,rich,rich,poor,f,1.7,4.5,4,8.5,40,2.03
2043,F2,2,F2-2,PPS,P,std,poor,poor,f,1.4,5.5,4,9.5,,2.03
1921,F2,4,F2-4,PSS,P,std,std,poor,f,1.4,5.5,3,8.5,,2.03
1436,F2,6,F2-6,RRR,R,rich,rich,rich,f,1.7,3.5,4,7.5,,2.03
1694,F2,7,F2-7,RSS,R,std,std,rich,f,1.4,5.5,4,9.5,,2.03
1941,F2,4,F2-4,PPR,P,rich,poor,poor,f,1.4,4.5,4,8.5,,2.031
1748,F2,9,F2-9,RRP,R,poor,rich,rich,f,1.4,5.5,4,9.5,32,2.032
1763,F2,9,F2-9,RSS,R,std,std,rich,f,1.7,5.5,4,9.5,39,2.032
2056,F2,3,F2-3,PPS,P,std,poor,poor,f,1.7,5.5,4,9.5,,2.032
2106,F2,8,F2-8,PPS,P,std,poor,poor,f,1.9,5.5,5,10.5,,2.032
1719,F2,3,F2-3,RPP,R,poor,poor,rich,f,1.5,6.5,5,11.5,,2.032
1610,F2,5,F2-5,RSS,R,std,std,rich,f,1.4,5.5,4,9.5,36,2.033
1600,F2,3,F2-3,RSS,R,std,std,rich,f,1.4,5.5,4,9.5,38,2.033
1832,F2,3,F2-3,PRR,P,rich,rich,poor,f,1.4,4.5,4,8.5,45,2.033
1530,F2,5,F2-5,RRR,R,rich,rich,rich,f,1.5,3.5,5,8.5,45,2.033
1862,F2,1,F2-1,PPR,P,rich,poor,poor,f,1.7,4.5,5,9.5,,2.033
1880,F2,5,F2-5,PRR,P,rich,rich,poor,f,1.4,4.5,4,8.5,,2.033
2032,F2,8,F2-8,PSP,P,poor,std,poor,f,1.6,4.5,4,8.5,36,2.034
1552,F2,6,F2-6,RSR,R,rich,std,rich,f,1.3,3.5,5,8.5,39,2.034
1523,F2,3,F2-3,RPR,R,rich,poor,rich,f,1.6,3.5,4,7.5,43,2.034
1565,F2,5,F2-5,RPR,R,rich,poor,rich,f,1.2,1.5,5,6.5,,2.034
1514,F2,4,F2-4,SSS,S,std,std,std,f,1.9,5.5,5,10.5,,2.034
1579,F2,4,F2-4,RRS,R,std,rich,rich,f,1.4,5.5,4,9.5,34,2.035
1946,F2,5,F2-5,PPR,P,rich,poor,poor,f,1.5,4.5,4,8.5,,2.035
1853,F2,1,F2-1,PSS,P,std,std,poor,f,1.6,5.5,4,9.5,32,2.036
1757,F2,8,F2-8,RSS,R,std,std,rich,f,1.7,5.5,4,9.5,36,2.036
2035,F2,8,F2-8,PSP,P,poor,std,poor,f,1.3,4.5,3,7.5,,2.036
2112,F2,8,F2-8,PPS,P,std,poor,poor,f,1.6,5.5,5,10.5,30,2.037
1577,F2,4,F2-4,RRS,R,std,rich,rich,f,1.6,5.5,4,9.5,33,2.037
1463,F2,3,F2-3,RSR,R,rich,std,rich,f,1.7,4.5,4,8.5,,2.037
1478,F2,7,F2-7,RSR,R,rich,std,rich,f,1.8,3.5,5,8.5,,2.037
1943,F2,5,F2-5,PPR,P,rich,poor,poor,f,1.5,4.5,4,8.5,35,2.038
1525,F2,3,F2-3,RPR,R,rich,poor,rich,f,1.5,3.5,4,7.5,39,2.038
1462,F2,3,F2-3,RSR,R,rich,std,rich,f,1.8,4.5,4,8.5,,2.038
1732,F2,7,F2-7,RRS,R,std,rich,rich,f,1.6,5.5,4,9.5,39,2.039
1990,F2,5,F2-5,PSS,P,std,std,poor,f,1.5,5.5,4,9.5,45,2.039
2098,F2,6,F2-6,PPS,P,std,poor,poor,f,1.7,5.5,4,9.5,,2.039
1731,F2,7,F2-7,RRS,R,std,rich,rich,f,1.5,5.5,4,9.5,27,2.04
2044,F2,2,F2-2,PPS,P,std,poor,poor,f,1.5,5.5,4,9.5,35,2.04
1835,F2,4,F2-4,PRR,P,rich,rich,poor,f,1.3,4.5,4,8.5,38,2.04
1418,F2,1,F2-1,RSR,R,rich,std,rich,f,1.8,4.5,4,8.5,40,2.04
1953,F2,6,F2-6,PPR,P,rich,poor,poor,f,1.5,4.5,4,8.5,,2.04
1464,F2,4,F2-4,RSR,R,rich,std,rich,f,1.7,4.5,4,8.5,,2.04
2002,F2,7,F2-7,PSS,P,std,std,poor,f,1.5,5.5,4,9.5,37,2.041
1730,F2,7,F2-7,RRS,R,std,rich,rich,f,1.6,5.5,4,9.5,18,2.042
1493,F2,1,F2-1,SSS,S,std,std,std,f,1.4,5.5,4,9.5,38,2.042
1965,F2,9,F2-9,PRR,P,rich,rich,poor,f,1.5,4.5,4,8.5,,2.042
1611,F2,5,F2-5,RSS,R,std,std,rich,f,1.5,5.5,4,9.5,,2.042
1691,F2,7,F2-7,RSS,R,std,std,rich,f,1.5,5.5,4,9.5,36,2.043
1736,F2,8,F2-8,RRS,R,std,rich,rich,f,1.5,5.5,4,9.5,38,2.043
1481,F2,7,F2-7,RSR,R,rich,std,rich,f,1.8,3.5,4,7.5,42,2.043
1461,F2,3,F2-3,RSR,R,rich,std,rich,f,1.7,4.5,4,8.5,41,2.044
1515,F2,4,F2-4,SSS,S,std,std,std,f,1.6,5.5,4,9.5,,2.044
1743,F2,8,F2-8,RRP,R,poor,rich,rich,f,1.5,5.5,4,9.5,34,2.045
1540,F2,6,F2-6,RRR,R,rich,rich,rich,f,1.4,3.5,5,8.5,36,2.045
1911,F2,2,F2-2,PSS,P,std,std,poor,f,1.3,5.5,4,9.5,38,2.045
1424,F2,3,F2-3,RSR,R,rich,std,rich,f,1.6,3.5,4,7.5,,2.045
2005,F2,7,F2-7,PSS,P,std,std,poor,f,1.6,5.5,5,10.5,29,2.046
1692,F2,7,F2-7,RSS,R,std,std,rich,f,1.4,5.5,4,9.5,,2.046
1830,F2,3,F2-3,PRR,P,rich,rich,poor,f,1.5,4.5,4,8.5,37,2.047
1421,F2,4,F2-4,RRR,R,rich,rich,rich,f,1.4,3.5,4,7.5,37,2.047
1484,F2,1,F2-1,RSS,R,std,std,rich,f,1.6,5.5,4,9.5,40,2.047
1681,F2,9,F2-9,RRP,R,poor,rich,rich,f,1.8,4.5,4,8.5,42,2.047
1429,F2,4,F2-4,RRR,R,rich,rich,rich,f,1.7,4.5,4,8.5,46,2.047
1608,F2,5,F2-5,RSS,R,std,std,rich,f,1.4,5.5,4,9.5,,2.047
1754,F2,8,F2-8,RSS,R,std,std,rich,f,1.4,5.5,4,9.5,,2.047
1506,F2,3,F2-3,SSS,S,std,std,std,f,1.5,5.5,4,9.5,37,2.048
2046,F2,2,F2-2,PPS,P,std,poor,poor,f,1.4,5.5,5,10.5,,2.048
1894,F2,7,F2-7,PRR,P,rich,rich,poor,f,1.6,4.5,4,8.5,,2.048
1678,F2,9,F2-9,RRP,R,poor,rich,rich,f,1.4,4.5,4,8.5,37,2.049
1510,F2,3,F2-3,SSS,S,std,std,std,f,1.5,5.5,4,9.5,,2.049
1488,F2,2,F2-2,RRS,R,std,rich,rich,f,1.7,5.5,5,10.5,31,2.05
1825,F2,2,F2-2,PRR,P,rich,rich,poor,f,1.6,4.5,4,8.5,38,2.05
1518,F2,2,F2-2,RPR,R,rich,poor,rich,f,1.6,4.5,4,8.5,39,2.05
1406,F2,1,F2-1,RRR,R,rich,rich,rich,f,1.6,4.5,4,8.5,41,2.05
1402,F2,1,F2-1,RRR,R,rich,rich,rich,f,1.9,3.5,4,7.5,,2.05
1762,F2,9,F2-9,RSS,R,std,std,rich,f,1.5,5.5,4,9.5,,2.05
1777,F2,7,F2-7,RPP,R,poor,poor,rich,f,1.4,4.5,4,8.5,34,2.051
1426,F2,3,F2-3,RRR,R,rich,rich,rich,f,1.6,4.5,4,8.5,36,2.052
1491,F2,2,F2-2,RRS,R,std,rich,rich,f,1.6,5.5,4,9.5,36,2.052
1882,F2,5,F2-5,PRR,P,rich,rich,poor,f,1.5,4.5,4,8.5,38,2.052
1698,F2,6,F2-6,RPR,R,rich,poor,rich,f,1.6,3.5,4,7.5,,2.052
1425,F2,4,F2-4,RSR,R,rich,std,rich,f,1.4,3.5,4,7.5,,2.052
1699,F2,6,F2-6,RPR,R,rich,poor,rich,f,1.6,3.5,4,7.5,33,2.053
1935,F2,3,F2-3,PPR,P,rich,poor,poor,f,1.3,4.5,4,8.5,37,2.053
1863,F2,1,F2-1,PPR,P,rich,poor,poor,f,1.5,4.5,4,8.5,,2.053
1643,F2,5,F2-5,RRS,R,std,rich,rich,f,1.5,5.5,4,9.5,35,2.054
1780,F2,7,F2-7,RPP,R,poor,poor,rich,f,1.5,4.5,4,8.5,36,2.054
1638,F2,8,F2-8,RRR,R,rich,rich,rich,f,1.5,4.5,4,8.5,37,2.054
1961,F2,8,F2-8,PRR,P,rich,rich,poor,f,1.7,4.5,4,8.5,39,2.054
1554,F2,6,F2-6,RSR,R,rich,std,rich,f,1.8,3.5,4,7.5,44,2.054
1411,F2,2,F2-2,RRR,R,rich,rich,rich,f,1.8,4.5,4,8.5,,2.054
1728,F2,7,F2-7,RRS,R,std,rich,rich,f,1.6,5.5,4,9.5,,2.054
1752,F2,8,F2-8,RSS,R,std,std,rich,f,1.6,5.5,4,9.5,37,2.055
1568,F2,5,F2-5,RPR,R,rich,poor,rich,f,1.2,1.5,5,6.5,42,2.055
1838,F2,4,F2-4,PRR,P,rich,rich,poor,f,1.4,4.5,3,7.5,44,2.055
2095,F2,5,F2-5,PPS,P,std,poor,poor,f,1.6,5.5,5,10.5,,2.055
1831,F2,3,F2-3,PRR,P,rich,rich,poor,f,1.5,4.5,4,8.5,,2.055
1890,F2,6,F2-6,PRR,P,rich,rich,poor,f,1.5,4.5,4,8.5,,2.055
1433,F2,4,F2-4,RRR,R,rich,rich,rich,f,1.7,4.5,4,8.5,29,2.056
1409,F2,2,F2-2,RRR,R,rich,rich,rich,f,2.2,4.5,4,8.5,35,2.056
1939,F2,4,F2-4,PPR,P,rich,poor,poor,f,1.8,4.5,4,8.5,,2.056
2039,F2,1,F2-1,PPS,P,std,poor,poor,f,1.5,5.5,3,8.5,,2.056
2110,F2,8,F2-8,PPS,P,std,poor,poor,f,1.7,5.5,5,10.5,,2.056
1639,F2,8,F2-8,RRR,R,rich,rich,rich,f,1.7,4.5,4,8.5,43,2.057
1479,F2,7,F2-7,RSR,R,rich,std,rich,f,1.9,3.5,5,8.5,,2.057
1423,F2,4,F2-4,RRR,R,rich,rich,rich,f,1.8,3.5,4,7.5,37,2.058
1432,F2,4,F2-4,RRR,R,rich,rich,rich,f,1.7,4.5,4,8.5,42,2.058
1895,F2,7,F2-7,PRR,P,rich,rich,poor,f,1.6,4.5,4,8.5,,2.058
1413,F2,2,F2-2,RRR,R,rich,rich,rich,f,1.6,4.5,4,8.5,,2.058
1434,F2,4,F2-4,RRR,R,rich,rich,rich,f,1.7,4.5,4,8.5,,2.058
1562,F2,4,F2-4,RPR,R,rich,poor,rich,f,1.3,3.5,5,8.5,31,2.059
1750,F2,9,F2-9,RRP,R,poor,rich,rich,f,1.7,5.5,4,9.5,37,2.059
1828,F2,2,F2-2,PRR,P,rich,rich,poor,f,1.5,4.5,4,8.5,,2.059
1438,F2,1,F2-1,RRS,R,std,rich,rich,f,1.8,5.5,4,9.5,,2.059
1940,F2,4,F2-4,PPR,P,rich,poor,poor,f,1.4,4.5,4,8.5,39,2.06
1475,F2,5,F2-5,RSR,R,rich,std,rich,f,1.8,4.5,4,8.5,43,2.06
1420,F2,2,F2-2,RSR,R,rich,std,rich,f,1.7,4.5,3,7.5,48,2.06
1896,F2,7,F2-7,PRR,P,rich,rich,poor,f,1.6,4.5,4,8.5,37,2.061
1408,F2,1,F2-1,RRR,R,rich,rich,rich,f,1.6,4.5,4,8.5,40,2.061
1517,F2,2,F2-2,RPR,R,rich,poor,rich,f,1.5,4.5,4,8.5,42,2.061
1897,F2,7,F2-7,PRR,P,rich,rich,poor,f,1.5,4.5,4,8.5,,2.061
1581,F2,6,F2-6,RRS,R,std,rich,rich,f,1.5,4.5,4,8.5,,2.061
1852,F2,1,F2-1,PSS,P,std,std,poor,f,1.6,5.5,4,9.5,37,2.062
1947,F2,5,F2-5,PPR,P,rich,poor,poor,f,1.6,4.5,3,7.5,43,2.062
1737,F2,8,F2-8,RRS,R,std,rich,rich,f,1.6,5.5,4,9.5,36,2.063
1791,F2,8,F2-8,RPR,R,rich,poor,rich,f,1.5,4.5,3,7.5,37,2.063
1870,F2,2,F2-2,PPR,P,rich,poor,poor,f,1.8,4.5,4,8.5,44,2.063
1671,F2,8,F2-8,RRP,R,poor,rich,rich,f,1.6,4.5,4,8.5,,2.063
1539,F2,6,F2-6,RRR,R,rich,rich,rich,f,1.5,3.5,5,8.5,,2.063
1576,F2,4,F2-4,RRS,R,std,rich,rich,f,1.6,5.5,4,9.5,34,2.064
1511,F2,4,F2-4,SSS,S,std,std,std,f,1.6,5.5,4,9.5,37,2.064
1431,F2,4,F2-4,RRR,R,rich,rich,rich,f,1.7,4.5,4,8.5,39,2.064
1788,F2,8,F2-8,RPR,R,rich,poor,rich,f,1.5,4.5,4,8.5,41,2.064
1555,F2,6,F2-6,RSR,R,rich,std,rich,f,1.5,3.5,5,8.5,42,2.064
2040,F2,1,F2-1,PPS,P,std,poor,poor,f,1.4,5.5,4,9.5,44,2.064
1509,F2,3,F2-3,SSS,S,std,std,std,f,1.7,5.5,4,9.5,36,2.065
1873,F2,2,F2-2,PPR,P,rich,poor,poor,f,1.6,4.5,4,8.5,37,2.065
1682,F2,5,F2-5,RSS,R,std,std,rich,f,1.4,6.5,4,10.5,38,2.066
2007,F2,7,F2-7,PSS,P,std,std,poor,f,1.5,5.5,4,9.5,39,2.066
1824,F2,2,F2-2,PRR,P,rich,rich,poor,f,1.4,4.5,4,8.5,41,2.066
2054,F2,3,F2-3,PPS,P,std,poor,poor,f,1.5,5.5,3,8.5,,2.066
1468,F2,4,F2-4,RSR,R,rich,std,rich,f,1.8,4.5,4,8.5,,2.066
1641,F2,4,F2-4,RRS,R,std,rich,rich,f,1.7,6.5,3,9.5,40,2.067
1859,F2,1,F2-1,PSP,P,poor,std,poor,f,1.8,5.5,4,9.5,,2.067
1598,F2,3,F2-3,RSS,R,std,std,rich,f,1.4,5.5,4,9.5,37,2.069
2108,F2,8,F2-8,PPS,P,std,poor,poor,f,1.6,5.5,4,9.5,,2.069
1619,F2,5,F2-5,SSS,S,std,std,std,f,1.5,5.5,4,9.5,35,2.07
1695,F2,7,F2-7,RSS,R,std,std,rich,f,1.4,5.5,4,9.5,36,2.07
1566,F2,5,F2-5,RPR,R,rich,poor,rich,f,1.2,1.5,5,6.5,30,2.071
1963,F2,8,F2-8,PRR,P,rich,rich,poor,f,1.5,4.5,4,8.5,37,2.071
1934,F2,3,F2-3,PPR,P,rich,poor,poor,f,1.4,4.5,4,8.5,39,2.071
1840,F2,4,F2-4,PRR,P,rich,rich,poor,f,1.6,4.5,3,7.5,40,2.071
1948,F2,6,F2-6,PPR,P,rich,poor,poor,f,1.4,4.5,4,8.5,,2.071
1856,F2,1,F2-1,PSS,P,std,std,poor,f,1.5,5.5,4,9.5,35,2.073
1778,F2,7,F2-7,RPP,R,poor,poor,rich,f,1.5,4.5,4,8.5,39,2.073
1569,F2,5,F2-5,RPR,R,rich,poor,rich,f,1.2,1.5,5,6.5,39,2.073
1501,F2,2,F2-2,SSS,S,std,std,std,f,1.6,5.5,4,9.5,41,2.074
2055,F2,3,F2-3,PPS,P,std,poor,poor,f,1.4,5.5,4,9.5,,2.074
1675,F2,8,F2-8,RRP,R,poor,rich,rich,f,1.6,4.5,3,7.5,43,2.075
1414,F2,1,F2-1,RSR,R,rich,std,rich,f,1.7,4.5,4,8.5,,2.075
1477,F2,7,F2-7,RSR,R,rich,std,rich,f,1.8,3.5,5,8.5,38,2.076
1795,F2,9,F2-9,RPR,R,rich,poor,rich,f,1.5,4.5,4,8.5,39,2.077
1536,F2,6,F2-6,RRR,R,rich,rich,rich,f,1.9,3.5,5,8.5,39,2.077
1559,F2,4,F2-4,RPR,R,rich,poor,rich,f,1.3,3.5,5,8.5,35,2.078
1796,F2,9,F2-9,RPR,R,rich,poor,rich,f,1.4,4.5,3,7.5,38,2.078
1629,F2,7,F2-7,RRR,R,rich,rich,rich,f,1.5,4.5,4,8.5,40,2.079
1993,F2,5,F2-5,PSS,P,std,std,poor,f,1.6,5.5,4,9.5,,2.079
1632,F2,7,F2-7,RRR,R,rich,rich,rich,f,1.6,4.5,3,7.5,36,2.08
1494,F2,1,F2-1,SSS,S,std,std,std,f,1.4,5.5,4,9.5,38,2.08
2093,F2,5,F2-5,PPS,P,std,poor,poor,f,1.8,5.5,5,10.5,,2.08
1971,F2,10,F2-10,PRR,P,rich,rich,poor,f,1.4,4.5,3,7.5,,2.082
1964,F2,9,F2-9,PRR,P,rich,rich,poor,f,1.4,4.5,4,8.5,35,2.083
1867,F2,1,F2-1,PPR,P,rich,poor,poor,f,1.6,4.5,4,8.5,40,2.083
1635,F2,8,F2-8,RRR,R,rich,rich,rich,f,1.6,4.5,4,8.5,40,2.083
1571,F2,3,F2-3,RRS,R,std,rich,rich,f,1.7,5.5,4,9.5,40,2.083
1524,F2,3,F2-3,RPR,R,rich,poor,rich,f,1.6,3.5,4,7.5,42,2.083
1708,F2,7,F2-7,RPR,R,rich,poor,rich,f,1.4,2.5,4,6.5,42,2.083
1970,F2,10,F2-10,PRR,P,rich,rich,poor,f,1.5,4.5,4,8.5,43,2.083
1560,F2,4,F2-4,RPR,R,rich,poor,rich,f,1.4,3.5,5,8.5,46,2.083
1526,F2,3,F2-3,RPR,R,rich,poor,rich,f,1.7,3.5,4,7.5,,2.083
1833,F2,3,F2-3,PRR,P,rich,rich,poor,f,1.5,4.5,4,8.5,39,2.084
1893,F2,7,F2-7,PRR,P,rich,rich,poor,f,1.8,4.5,4,8.5,,2.084
2091,F2,8,F2-8,PSS,P,std,std,poor,f,1.6,5.5,4,9.5,,2.086
1851,F2,1,F2-1,PSS,P,std,std,poor,f,1.4,5.5,4,9.5,38,2.087
1836,F2,4,F2-4,PRR,P,rich,rich,poor,f,1.6,4.5,4,8.5,40,2.089
1924,F2,4,F2-4,PSS,P,std,std,poor,f,1.7,5.5,5,10.5,35,2.09
1674,F2,8,F2-8,RRP,R,poor,rich,rich,f,1.3,4.5,4,8.5,,2.09
1834,F2,3,F2-3,PRR,P,rich,rich,poor,f,1.5,4.5,4,8.5,36,2.091
1677,F2,9,F2-9,RRP,R,poor,rich,rich,f,1.5,4.5,4,8.5,41,2.091
1520,F2,2,F2-2,RPR,R,rich,poor,rich,f,1.7,4.5,4,8.5,43,2.092
1470,F2,5,F2-5,RSR,R,rich,std,rich,f,1.8,4.5,4,8.5,,2.092
1430,F2,4,F2-4,RRR,R,rich,rich,rich,f,2,4.5,4,8.5,31,2.093
1887,F2,6,F2-6,PRR,P,rich,rich,poor,f,1.5,4.5,4,8.5,,2.093
1532,F2,5,F2-5,RRR,R,rich,rich,rich,f,1.4,3.5,5,8.5,42,2.094
1994,F2,5,F2-5,PSS,P,std,std,poor,f,1.6,5.5,4,9.5,,2.094
1630,F2,7,F2-7,RRR,R,rich,rich,rich,f,1.7,4.5,4,8.5,32,2.095
1537,F2,6,F2-6,RRR,R,rich,rich,rich,f,1.6,3.5,4,7.5,38,2.095
1465,F2,4,F2-4,RSR,R,rich,std,rich,f,1.6,4.5,4,8.5,42,2.096
1885,F2,5,F2-5,PRR,P,rich,rich,poor,f,1.7,4.5,4,8.5,36,2.1
1417,F2,1,F2-1,RSR,R,rich,std,rich,f,1.7,4.5,3,7.5,44,2.1
1680,F2,9,F2-9,RRP,R,poor,rich,rich,f,1.9,4.5,4,8.5,46,2.1
1868,F2,2,F2-2,PPR,P,rich,poor,poor,f,1.7,4.5,4,8.5,,2.1
1435,F2,4,F2-4,RRR,R,rich,rich,rich,f,1.8,4.5,4,8.5,37,2.101
1950,F2,6,F2-6,PPR,P,rich,poor,poor,f,1.6,4.5,4,8.5,42,2.104
1701,F2,6,F2-6,RPR,R,rich,poor,rich,f,1.5,3.5,4,7.5,39,2.108
1689,F2,6,F2-6,RSS,R,std,std,rich,f,1.4,5.5,4,9.5,41,2.108
1676,F2,9,F2-9,RRP,R,poor,rich,rich,f,1.4,4.5,3,7.5,48,2.108
1945,F2,5,F2-5,PPR,P,rich,poor,poor,f,1.5,4.5,4,8.5,,2.108
1471,F2,5,F2-5,RSR,R,rich,std,rich,f,2,4.5,4,8.5,,2.108
1883,F2,5,F2-5,PRR,P,rich,rich,poor,f,1.9,4.5,4,8.5,40,2.11
1684,F2,6,F2-6,RSS,R,std,std,rich,f,1.5,5.5,4,9.5,37,2.111
1558,F2,4,F2-4,RPR,R,rich,poor,rich,f,1.4,3.5,5,8.5,38,2.113
1535,F2,6,F2-6,RRR,R,rich,rich,rich,f,1.4,3.5,5,8.5,38,2.113
1553,F2,6,F2-6,RSR,R,rich,std,rich,f,1.4,3.5,5,8.5,34,2.117
1794,F2,9,F2-9,RPR,R,rich,poor,rich,f,1.6,4.5,4,8.5,39,2.118
1403,F2,1,F2-1,RRR,R,rich,rich,rich,f,1.9,3.5,5,8.5,48,2.118
1650,F2,6,F2-6,RRS,R,std,rich,rich,f,1.6,5.5,3,8.5,,2.118
1531,F2,5,F2-5,RRR,R,rich,rich,rich,f,1.8,3.5,5,8.5,40,2.12
1428,F2,3,F2-3,RRR,R,rich,rich,rich,f,2,4.5,4,8.5,36,2.127
1521,F2,2,F2-2,RPR,R,rich,poor,rich,f,1.7,4.5,4,8.5,40,2.136
1705,F2,7,F2-7,RPR,R,rich,poor,rich,f,1.7,2.5,3,5.5,44,2.139
1401,F2,1,F2-1,RRR,R,rich,rich,rich,f,2,3.5,4,7.5,,2.143
1529,F2,5,F2-5,RRR,R,rich,rich,rich,f,1.7,3.5,5,8.5,50,2.157
1556,F2,6,F2-6,RSR,R,rich,std,rich,f,1.6,3.5,5,8.5,39,2.158
1952,F2,6,F2-6,PPR,P,rich,poor,poor,f,1.8,4.5,4,8.5,,2.164
1563,F2,4,F2-4,RPR,R,rich,poor,rich,f,1.3,3.5,5,8.5,43,2.171
1545,F2,2,F2-2,RRP,R,poor,rich,rich,f,0.9,5.5,5,10.5,,1735
1444,F2,2,F2-2,RRS,R,std,rich,rich,f,1.5,5.5,4,9.5,37,1857
1542,F2,1,F2-1,RRP,R,poor,rich,rich,f,1,5.5,5,10.5,,1922
1492,F2,2,F2-2,RRS,R,std,rich,rich,f,1.6,5.5,4,9.5,36,1961
1679,F2,9,F2-9,RRP,R,poor,rich,rich,f,1.6,4.5,4,8.5,,2043
1415,F2,1,F2-1,RSR,R,rich,std,rich,f,1.8,4.5,4,8.5,41,2049
1723,F2,4,F2-4,RPP,R,poor,poor,rich,f,1,5.6,4,9.6,30,
1774,F2,6,F2-6,RPP,R,poor,poor,rich,f,1.2,4.5,4,8.5,31,
1985,F2,4,F2-4,PRP,P,poor,rich,poor,f,1.1,6.5,4,10.5,33,
1473,F2,5,F2-5,RSR,R,rich,std,rich,f,1.8,4.5,4,8.5,34,
1966,F2,9,F2-9,PRR,P,rich,rich,poor,f,1.5,4.5,4,8.5,36,
1744,F2,8,F2-8,RRP,R,poor,rich,rich,f,1.4,5.5,4,9.5,36,
2030,F2,8,F2-8,PSP,P,poor,std,poor,f,1.4,4.5,4,8.5,37,
1466,F2,4,F2-4,RSR,R,rich,std,rich,f,1.8,4.5,4,8.5,37,
1507,F2,3,F2-3,SSS,S,std,std,std,f,1.5,5.5,4,9.5,39,
1706,F2,7,F2-7,RPR,R,rich,poor,rich,f,1.4,2.5,4,6.5,41,
1472,F2,5,F2-5,RSR,R,rich,std,rich,f,1.8,4.5,4,8.5,43,
2071,F2,2,F2-2,PPP,P,poor,poor,poor,f,1.6,5.5,6,11.5,,
2179,F2,7,F2-7,PPP,P,poor,poor,poor,f,1.5,6.5,5,11.5,,
2197,F2,4,F2-4,PPP,P,poor,poor,poor,f,1.2,8.5,4,12.5,,
1872,F2,2,F2-2,PPR,P,rich,poor,poor,f,1.4,4.5,3,7.5,,
2051,F2,3,F2-3,PPS,P,std,poor,poor,f,1.6,5.5,4,9.5,,
2063,F2,7,F2-7,PPS,P,std,poor,poor,f,1.6,4.5,5,9.5,,
2092,F2,5,F2-5,PPS,P,std,poor,poor,f,1.4,5.5,5,10.5,,
2103,F2,6,F2-6,PPS,P,std,poor,poor,f,1.8,5.5,5,10.5,,
1904,F2,4,F2-4,PRP,P,poor,rich,poor,f,1.4,5.5,4,9.5,,
2187,F2,9,F2-9,PRP,P,poor,rich,poor,f,1.5,7.5,4,11.5,,
1889,F2,6,F2-6,PRR,P,rich,rich,poor,f,1.5,4.5,4,8.5,,
1960,F2,8,F2-8,PRR,P,rich,rich,poor,f,1.8,4.5,4,8.5,,
1962,F2,8,F2-8,PRR,P,rich,rich,poor,f,1.2,4.5,5,9.5,,
1968,F2,9,F2-9,PRR,P,rich,rich,poor,f,1.6,4.5,4,8.5,,
2025,F2,7,F2-7,PSP,P,poor,std,poor,f,1.3,5.5,6,11.5,,
1811,F2,7,F2-7,RPP,R,poor,poor,rich,f,1.1,6.5,4,10.5,,
1814,F2,8,F2-8,RPP,R,poor,poor,rich,f,1.3,5.5,4,9.5,,
1702,F2,6,F2-6,RPR,R,rich,poor,rich,f,1.6,3.5,4,7.5,,
1799,F2,9,F2-9,RPR,R,rich,poor,rich,f,1.5,4.5,4,8.5,,
1549,F2,2b,F2-2b,RRP,R,poor,rich,rich,f,1,5.5,5,10.5,,
1551,F2,2b,F2-2b,RRP,R,poor,rich,rich,f,0.8,5.5,5,10.5,,
1665,F2,6,F2-6,RRP,R,poor,rich,rich,f,1,5.5,4,9.5,,
1538,F2,6,F2-6,RRR,R,rich,rich,rich,f,1.6,3.5,5,8.5,,
1636,F2,8,F2-8,RRR,R,rich,rich,rich,f,1.6,4.5,4,8.5,,
1733,F2,7,F2-7,RRS,R,std,rich,rich,f,1.5,5.5,4,9.5,,
1458,F2,3,F2-3,RSR,R,rich,std,rich,f,1.5,4.5,4,8.5,,
1459,F2,3,F2-3,RSR,R,rich,std,rich,f,1.4,4.5,4,8.5,,
1460,F2,3,F2-3,RSR,R,rich,std,rich,f,1.6,4.5,4,8.5,,
1557,F2,6,F2-6,RSR,R,rich,std,rich,f,1.3,3.5,5,8.5,,
1606,F2,4,F2-4,RSS,R,std,std,rich,f,1.3,5.5,4,9.5,,
